token,surprisal
 am,9.161686897277832
 an,6.162688255310059
 excellent,7.838240146636963
 writer,4.760341167449951
 with,5.681756496429443
 years,8.487448692321777
 of,0.11939550191164017
 experience,0.3221616744995117
.,3.078396797180176
 I,1.264182686805725
 love,5.490304470062256
 crafting,10.809396743774414
 capt,12.173688888549805
ivating,0.030409978702664375
 stories,0.861724317073822
 that,2.7669317722320557
 engage,8.180048942565918
 readers,3.530320405960083
 and,2.2582526206970215
 convey,7.1702070236206055
 important,6.650785446166992
 ideas,4.251095294952393
 and,5.06758451461792
 messages,5.291553974151611
.,0.7627452611923218
 My,4.55250883102417
 writing,3.748732089996338
 is,1.6332212686538696
 precise,11.663073539733887
",",1.0438076257705688
 clear,5.607057094573975
",",0.779535174369812
 and,0.9829535484313965
 concise,3.878340721130371
.,0.9964932203292847
 With,8.312740325927734
 my,3.4485299587249756
 attention,8.878114700317383
 to,0.7719964981079102
 detail,0.03909808397293091
 and,1.6175733804702759
 creativity,6.501170635223389
",",0.30259257555007935
 I,0.5233283042907715
 can,2.6181414127349854
 produce,4.400918006896973
 high,7.181387901306152
-,1.779158353805542
quality,0.12914004921913147
 content,4.590097427368164
 that,1.0867538452148438
 meets,8.265463829040527
 the,1.5058199167251587
 needs,1.463802695274353
 and,4.556463241577148
 expectations,1.304990530014038
 of,0.041522953659296036
 any,5.638947010040283
 audience,2.965193033218384
.,0.47905921936035156
