token,surprisal
Well,12.382515907287598
",",0.6348068118095398
 I,2.4542272090911865
 was,5.023342609405518
 going,4.763060092926025
 to,0.2115626335144043
 take,5.085445404052734
 you,4.602149963378906
 on,4.017063140869141
 a,2.1319973468780518
 picnic,9.755722045898438
".""",5.119399547576904
