token,surprisal
" """,9.311286926269531
How,8.561824798583984
"?""",9.573622703552246
