token,surprisal
 last,8.581954956054688
 sentence,7.4279069900512695
 of,2.989474058151245
 the,1.1567890644073486
 dialog,15.0399808883667
 should,7.446195125579834
 be,1.20441472530365
:,3.17863392829895
" """,1.6010087728500366
What,6.174710273742676
 happened,5.314450263977051
"?""",2.307173490524292
