token,surprisal
Okay,14.50871467590332
",",0.8001704216003418
 well,5.532398223876953
 what,6.862610816955566
 else,6.5604071617126465
 have,6.20972204208374
 you,1.1451640129089355
 done,1.5870782136917114
 or,8.364151954650879
 seen,7.038048267364502
 in,3.728604555130005
 New,7.218456745147705
 York,0.630836009979248
 that,6.39149284362793
 you,1.7892969846725464
'd,3.4231457710266113
 recommend,7.073052406311035
"?""",1.8542472124099731
