token,surprisal
I,6.64793586730957
'm,3.0044448375701904
 sorry,5.16664457321167
 to,4.2522687911987305
 hear,2.6227078437805176
 that,1.4547703266143799
.,2.206519603729248
 Is,8.719857215881348
 there,2.7174689769744873
 anything,1.6272889375686646
 specific,9.43505859375
 he,9.414056777954102
 needs,5.115485191345215
 help,6.0375590324401855
 with,0.24926817417144775
"?""",0.7826137542724609
