token,surprisal
Now,11.351444244384766
 we,3.933720350265503
 need,4.981461524963379
 to,0.477192223072052
 work,6.359071254730225
 on,1.5473731756210327
 implementing,7.825057029724121
 those,5.16289758682251
 ideas,5.535124778747559
 and,2.9879391193389893
 make,5.1377997398376465
 sure,0.9814291596412659
 they,2.832206964492798
're,1.942752718925476
 executed,7.759026527404785
 effectively,5.743341445922852
".""",2.623095989227295
