token,surprisal
No,10.376079559326172
 problem,8.030998229980469
",",2.3309054374694824
 just,5.3300652503967285
 a,4.590978622436523
 slice,15.880542755126953
 of,0.6856744289398193
 apple,8.313982009887695
 pie,0.902813196182251
 for,4.92361307144165
 me,4.0168232917785645
 then,12.020605087280273
"?""",3.7473437786102295
