token,surprisal
I,6.64793586730957
 understand,7.896677017211914
 that,1.713879942893982
",",5.216585636138916
 but,1.3084708452224731
 the,4.967079162597656
 actor,14.667837142944336
's,3.6120917797088623
 performance,5.744463920593262
 is,1.872773289680481
 still,6.089414119720459
 very,3.850731134414673
 impressive,6.376247882843018
 even,8.317779541015625
 with,3.8819546699523926
 a,4.08287239074707
 thin,10.067573547363281
 plot,10.36961555480957
".""",3.6190547943115234
