token,surprisal
 I,7.0608320236206055
 can,5.516661643981934
 only,5.427973747253418
 hope,3.145334005355835
 so,5.6641364097595215
 .,10.96898078918457
 Let,9.859896659851074
 me,2.141037702560425
 take,6.189054012298584
 a,2.5057153701782227
 closer,6.212098121643066
 look,0.010163863189518452
".""",8.139037132263184
