token,surprisal
Are,12.840962409973145
 there,4.655629634857178
 any,1.3831493854522705
 direct,10.324273109436035
 flights,7.8984503746032715
 available,7.540358543395996
 from,2.3881258964538574
 here,5.938830375671387
 that,6.909801483154297
 can,4.390305995941162
 get,5.427656173706055
 us,4.672323226928711
 to,1.6833988428115845
 our,5.096004962921143
 destination,0.6262145638465881
 faster,8.764697074890137
"?""",1.0548092126846313
