token,surprisal
 Thank,15.483644485473633
 you,0.17134109139442444
 so,3.439075231552124
 much,0.07824167609214783
",",3.436427593231201
 it,6.824122428894043
's,1.4319849014282227
 not,8.261061668395996
 necessary,8.16125774383545
.,2.5318539142608643
 I,2.3031742572784424
 appreciate,6.174769878387451
 your,2.6029157638549805
 kindness,5.625323295593262
".""",4.291939735412598
