token,surprisal
Is,11.435768127441406
 there,3.158457040786743
 a,1.8070709705352783
 specific,7.00391149520874
 company,10.098960876464844
 you,3.4073939323425293
 usually,12.612133026123047
 use,3.3586597442626953
 for,2.726973056793213
 taxis,15.693023681640625
?,2.550527811050415
 I,3.7642784118652344
 can,5.11671781539917
 help,7.341795444488525
 you,0.4884033203125
 book,14.36317253112793
 one,3.3799779415130615
 if,5.448506832122803
 needed,7.513307094573975
".""",1.369105577468872
