token,surprisal
Are,12.840962409973145
 there,4.655629634857178
 any,1.3831493854522705
 other,3.0149166584014893
 items,9.842324256896973
 in,3.734138011932373
 the,1.3111647367477417
 store,5.450181007385254
 that,0.8590767979621887
 I,3.479442834854126
 might,5.728641510009766
 be,2.7130887508392334
 interested,1.116369366645813
 in,0.08310706913471222
?,3.0881102085113525
