token,surprisal
Who,12.81307601928711
's,3.222227096557617
 it,7.8895368576049805
 for,1.7632322311401367
"?""",1.0846587419509888
