token,surprisal
Thank,14.013740539550781
 you,0.1577271670103073
 for,1.6936534643173218
 letting,7.623702526092529
 me,0.7973197102546692
 know,2.2203657627105713
.,2.7118630409240723
 I,1.5796825885772705
 appreciate,4.237898349761963
 your,2.38051438331604
 help,3.702726125717163
".""",2.2425525188446045
