token,surprisal
Wait,15.528717994689941
",",1.3166457414627075
 are,5.657088279724121
 you,0.3038933277130127
 sure,3.2250313758850098
 it,5.193390369415283
's,0.7170785665512085
 not,2.0358469486236572
 a,3.1195809841156006
 human,9.385921478271484
?,4.0688042640686035
 And,5.780660152435303
 have,8.212796211242676
 you,0.2851424217224121
 met,6.831158638000488
 her,5.415740489959717
 before,2.6187033653259277
"?""",0.4571997821331024
