token,surprisal
I,6.64793586730957
 heard,8.512072563171387
 they,6.28179407119751
 have,6.07707405090332
 a,2.227954387664795
 great,6.884901523590088
 BBQ,12.720602035522461
 sauce,5.629036903381348
 that,4.385308265686035
 goes,5.368473052978516
 with,3.4671573638916016
 the,2.9665701389312744
 chicken,4.459212303161621
".""",4.137182235717773
