token,surprisal
I,6.64793586730957
 heard,8.512072563171387
 it,4.417072772979736
 was,2.99238657951355
 a,3.17421555519104
 very,6.229152679443359
 close,8.454195022583008
 game,7.692571640014648
 with,6.122711181640625
 several,9.891416549682617
 tie,12.028018951416016
breakers,0.9174507260322571
".""",5.307833194732666
