token,surprisal
I,6.64793586730957
'll,5.7443461418151855
 be,2.775195360183716
 sure,5.895470142364502
 to,0.04703618958592415
 set,9.6226167678833
 my,3.5016348361968994
 alarm,6.963850021362305
 and,4.263190269470215
 come,6.198635578155518
 back,1.2913508415222168
 on,5.755321502685547
 time,1.315091609954834
".""",2.4841394424438477
