token,surprisal
Thanks,13.675113677978516
!,5.564883232116699
 No,8.80388069152832
 problem,3.578505754470825
.,2.5141429901123047
 Let,6.210701942443848
 me,2.368184804916382
 know,2.8313021659851074
 if,1.3568434715270996
 you,0.7896420955657959
 need,2.7234933376312256
 anything,1.847132682800293
 else,2.7698800563812256
".""",1.5568028688430786
