token,surprisal
But,9.867692947387695
 I,3.1387784481048584
'm,2.8891451358795166
 not,1.7650365829467773
 ready,6.613964557647705
 for,3.1635849475860596
 marriage,11.439839363098145
 yet,6.2728190422058105
",",2.9233226776123047
 I,3.2389414310455322
 just,4.491647720336914
 want,1.5659319162368774
 to,0.5035400390625
 enjoy,7.213691234588623
 being,5.7249627113342285
 single,6.350124835968018
".""",2.898221015930176
