token,surprisal
Okay,14.50871467590332
",",0.8001704216003418
 that,4.833945274353027
's,0.7527527809143066
 fine,4.271477699279785
!,7.133755207061768
 Do,7.919036388397217
 you,0.9454253315925598
 have,3.214202642440796
 any,1.4769048690795898
 specific,7.9220991134643555
 plans,5.173868656158447
 for,1.3514362573623657
 the,2.5770914554595947
 day,6.882535457611084
"?""",0.7456402778625488
