token,surprisal
Which,14.39786434173584
 mountain,15.822175979614258
 range,4.752091884613037
 within,10.836091041564941
 the,1.1399277448654175
 Alps,7.436117172241211
 do,7.310159683227539
 you,0.11717208474874496
 prefer,3.1470296382904053
 to,2.992204427719116
 ski,5.877742290496826
 in,3.008556604385376
"?""",1.254777431488037
