token,surprisal
S,8.630072593688965
ally,7.806800842285156
",",4.9934515953063965
 can,7.63348388671875
 you,0.5882853865623474
 elaborate,9.172578811645508
 on,0.7656978368759155
 what,2.5252678394317627
 specific,11.220364570617676
 aspects,7.428977966308594
 of,0.2722390592098236
 my,6.915930271148682
 work,4.8306498527526855
 you,1.9400492906570435
 believe,5.608353137969971
 are,2.199037790298462
 lacking,8.814010620117188
"?""",2.5403425693511963
