token,surprisal
I,6.64793586730957
 think,3.487647533416748
 you,4.654928207397461
 have,3.5453436374664307
 different,10.772835731506348
 tastes,7.212562561035156
 in,2.703986644744873
 movies,7.597500801086426
 than,4.377458572387695
 Mary,15.039443969726562
".""",6.502609729766846
