token,surprisal
'm,7.907527446746826
 sorry,4.687448024749756
",",1.460336685180664
 I,2.7042295932769775
 can,4.330568313598633
't,0.12002868950366974
 do,3.4926936626434326
 that,1.8658431768417358
 Dave,18.795181274414062
.,1.5818499326705933
