token,surprisal
ERROR,16.29109001159668
],0.7034591436386108
 Generation,14.709976196289062
 failed,4.391112804412842
 after,6.467057704925537
 3,6.225919723510742
 attempts,7.2179436683654785
:,3.9596118927001953
 Error,6.734650611877441
 code,4.747742176055908
:,1.7358382940292358
 400,8.866471290588379
 -,6.338572025299072
 {,10.4166841506958
',8.149338722229004
error,6.475261688232422
':,1.7647924423217773
 ',1.709039568901062
T,8.767021179199219
rying,5.644352912902832
 to,0.17140452563762665
 keep,10.736021041870117
 the,3.5993075370788574
 first,8.915149688720703
 85,14.920308113098145
36,10.504227638244629
 tokens,9.192784309387207
 when,9.00269889831543
 context,14.189281463623047
 the,11.162342071533203
 overfl,16.40785026550293
ows,1.6421786546707153
.,4.333656311035156
 However,8.608979225158691
",",0.5683172345161438
 the,2.7746694087982178
 model,11.957871437072754
 is,3.4562549591064453
 loaded,6.596977710723877
 with,3.5655739307403564
 context,9.523531913757324
 length,11.911232948303223
 of,2.9919545650482178
 only,9.306173324584961
 4096,11.319854736328125
 tokens,3.6891725063323975
",",3.509779214859009
 which,3.3274967670440674
 is,1.798296332359314
 not,3.072603702545166
 enough,2.2634291648864746
.,2.812276840209961
 Try,5.3830389976501465
 to,4.059706687927246
 load,4.386311054229736
 the,2.097980260848999
 model,1.7752503156661987
 with,1.636070966720581
 a,3.835479497909546
 larger,5.357316493988037
 context,1.7618317604064941
 length,1.2409422397613525
",",2.9748640060424805
 or,4.6435418128967285
 provide,10.209235191345215
 a,1.6450656652450562
 shorter,8.388071060180664
 input,8.922837257385254
',10.421804428100586
},1.9330452680587769
...,9.647050857543945
