token,surprisal
hemat,14.280673027038574
ics,0.873834490776062
