token,surprisal
"
",0.9579930305480957
"
",12.595173835754395
________________,10.719385147094727
_,1.1120285987854004
