token,surprisal
",",3.0650012493133545
 I,2.6566343307495117
 wasn,7.671370506286621
't,0.0009851088980212808
 really,4.296299457550049
 surprised,6.296542167663574
",",3.5600318908691406
 but,2.5662431716918945
 when,5.769187927246094
 she,6.108317852020264
 started,4.907874584197998
 laughing,7.16104793548584
 I,4.523270606994629
 didn,4.880582332611084
't,0.0014176613185554743
 think,3.0958595275878906
 she,1.422914743423462
 would,2.9430644512176514
 have,4.5136213302612305
 done,4.006099224090576
 that,1.3733524084091187
.,1.2074676752090454
 When,6.75535249710083
 she,1.4448189735412598
 was,3.4698293209075928
 laughing,4.944526672363281
",",2.4698030948638916
 she,2.614182472229004
 did,6.508669376373291
 a,3.184016227722168
 fart,12.246070861816406
 and,3.0275890827178955
 it,4.435900688171387
 smelled,8.278642654418945
 really,3.4217514991760254
 bad,1.2345110177993774
.,0.7563949823379517
 I,2.1010215282440186
 knew,5.986793518066406
 it,2.716749429702759
 was,0.5308176875114441
 her,4.858625411987305
 who,9.15774154663086
 did,4.306704521179199
 that,2.301111936569214
 so,6.092329978942871
 i,10.13925838470459
 quickly,8.947181701660156
 grabbed,5.914968013763428
 my,3.1376497745513916
 phone,3.274038791656494
 out,6.907205581665039
 of,0.26443758606910706
 my,1.530417561531067
 pocket,0.6182469129562378
 and,0.54414302110672
 I,6.27088737487793
 recorded,9.60128116607666
 the,2.550605535507202
 video,3.242957830429077
 for,5.068303108215332
 evidence,14.759905815124512
.,0.5922715663909912
 The,4.708188533782959
 video,1.9821457862854004
 went,5.933826923370361
 viral,0.7699363231658936
",",3.9567911624908447
 so,2.359509229660034
 Tal,19.57230567932129
ia,2.9329118728637695
 is,4.863354206085205
 now,3.4286341667175293
 well,9.454123497009277
 known,1.1670441627502441
 for,2.196470260620117
 being,3.9724936485290527
 a,2.0204174518585205
 fart,12.309269905090332
ing,4.08241605758667
 comedian,7.590888500213623
.,1.020514965057373
"
",2.0651063919067383
"
",0.05827203020453453
The,4.877593040466309
 End,12.332396507263184
