model,tokens_mean,tokens_median,tokens_std,tokens_min,tokens_max,mean_surprisal_mean,mean_surprisal_median,mean_surprisal_std,mean_surprisal_min,mean_surprisal_max,uid_variance_mean,uid_variance_median,uid_variance_std,uid_variance_min,uid_variance_max,uid_pairwise_mean,uid_pairwise_median,uid_pairwise_std,uid_pairwise_min,uid_pairwise_max
human_texts,752.9135,789.5,251.30903910189375,64,1023,4.444527812005984,4.433445253204549,0.4160661073635137,2.7794620335635303,6.833847327436589,16.5451694162746,16.40949951699644,2.0646374117818853,11.338586177765642,26.641678867231764,32.04467858807689,31.71835405145133,4.341023337581595,19.598104336151252,52.89586796606997
