model,mean_surprisal_mean,mean_surprisal_median,mean_surprisal_std,uid_variance_mean,uid_variance_median,uid_variance_std,uid_pairwise_mean,uid_pairwise_median,uid_pairwise_std,vocab_size_mean,vocab_size_median,vocab_size_std,sentence_length_mean,sentence_length_median,sentence_length_std
llama-2-7b-32k-instruct@q8_0,2.8965432264393787,3.168443028303436,0.9512100181682867,11.358866236925712,11.032913284860518,4.5522889839801906,19.078645980454365,18.835311304358264,8.762372485644033,315.91946308724835,337.0,99.24489431463063,26.460605182781915,23.419871794871796,35.4575493832042
llama-2-7b-chat@q8_0,3.573186319611447,3.507916623035549,0.59589902264804,12.569579539914955,11.93103793594015,3.236914752299506,24.067077507739796,23.117360836839453,6.837202309348988,166.41333333333333,168.5,55.31154532019436,22.49735203517556,21.933333333333334,5.125546254366467
llama-2-7b@q8_0,4.216886355387939,4.114161753867739,0.6571663529510131,14.686315217278995,14.05902077967081,3.9354216001082403,27.46155647603719,25.80369231778427,7.597345507088512,206.99666666666667,188.5,116.80448456403457,26.61170028173156,24.8578431372549,10.071509842595328
llama-7b-finetune-articlegen,3.892944472446312,3.860791115864476,1.2766898126207724,13.65423431025981,12.127282000682817,5.776592997486522,24.973005499655972,21.82757110948472,12.879596615154439,191.43771043771045,166.0,143.2422241845427,20.06926947531241,20.571428571428573,8.433520312380017
human_texts,4.3449157066409425,4.2943818949736965,0.4056747230952488,16.410184145396506,16.16107676084288,2.057155003248538,31.4533778069841,31.10083560529943,4.424237454031527,,,,,,
