token,surprisal
No,10.376079559326172
",",1.4190493822097778
 that,4.680551528930664
's,0.6531112194061279
 okay,6.7870869636535645
.,1.387321949005127
 Just,5.081201553344727
 the,7.035344123840332
 French,14.620173454284668
 dressing,12.466246604919434
".""",4.800359725952148
