token,surprisal
Warning,14.574577331542969
:,1.4628920555114746
 Short,16.842227935791016
 generation,17.950340270996094
],6.478604793548584
 ,13.491875648498535
"
",14.979167938232422
Oh,22.94010353088379
",",1.8508714437484741
 that,4.948112964630127
's,1.0221511125564575
 too,6.77292013168335
 bad,1.3502122163772583
.,1.0578477382659912
 Do,9.634858131408691
 you,1.1651039123535156
 need,5.157198905944824
 a,2.71096134185791
 tow,12.555643081665039
 truck,1.2370532751083374
 or,3.54130482673645
 something,1.5428240299224854
?,0.61359041929245
