token,surprisal
Of,11.323502540588379
 course,0.40107062458992004
",",0.9846587777137756
 right,10.477701187133789
 away,8.244522094726562
",""",6.09816312789917
 the,5.744626998901367
 maid,11.626887321472168
 replied,5.149743556976318
 with,4.225718021392822
 a,0.48615315556526184
 smile,2.2696361541748047
.,0.5718213319778442
