token,surprisal
I,6.64793586730957
 see,7.672444820404053
 them,6.09193754196167
 and,6.57239294052124
 I,1.577855110168457
 will,7.224908351898193
 buy,9.796412467956543
 them,1.0119467973709106
 for,5.235951900482178
 you,2.7549030780792236
".""",2.6703200340270996
