token,surprisal
Yeah,13.453925132751465
",",0.6973649859428406
 I,2.305908679962158
've,4.554893970489502
 heard,4.551366329193115
 of,3.1826014518737793
 him,4.842132568359375
 too,6.614312648773193
.,1.6652766466140747
 But,4.442209720611572
 have,10.155295372009277
 you,0.39061009883880615
 heard,1.506452202796936
 about,3.2666521072387695
 his,3.758129835128784
 transformation,13.622180938720703
"?""",1.7632038593292236
