token,surprisal
Def,13.729025840759277
initely,1.233718991279602
",",3.6028995513916016
 I,2.6668097972869873
 could,7.455056190490723
 go,4.717860698699951
 for,4.8108673095703125
 a,2.1377618312835693
 picnic,13.551146507263184
".""",5.4723920822143555
