token,surprisal
Great,14.407540321350098
",",3.9686007499694824
 thank,6.162726879119873
 you,0.04679616168141365
.,3.120957136154175
 Here,8.219453811645508
 is,3.2711939811706543
 your,2.7853469848632812
 room,9.966118812561035
 key,10.344278335571289
".""",2.6216766834259033
