token,surprisal
?!,14.67603588104248
 Why,4.998932838439941
 would,4.0105133056640625
 she,5.634676456451416
 leave,7.310661315917969
 in,7.240933418273926
 the,1.9884033203125
 middle,1.8506686687469482
 of,0.01046543288975954
 the,1.2823365926742554
 night,0.17000170052051544
 like,7.061241626739502
 that,0.6719580292701721
?,1.5323021411895752
"
",2.4907829761505127
"
",0.029002420604228973
###,14.189249038696289
 Susan,17.984132766723633
:,3.4683737754821777
"
",3.9399781227111816
I,22.917909622192383
 know,4.708205223083496
",",2.8999733924865723
 right,5.719151020050049
?,0.5043123364448547
 I,2.6764090061187744
'm,2.778778076171875
 still,6.750689506530762
 trying,4.446301460266113
 to,0.04696129634976387
 process,8.261353492736816
 it,2.1286237239837646
 all,3.773512363433838
.,0.7274510860443115
 It,4.266971588134766
 feels,5.806509494781494
 like,0.7940630316734314
 just,9.103670120239258
 yesterday,2.7062501907348633
 we,5.395193099975586
 were,1.803480625152588
 planning,9.539158821105957
 our,5.637311935424805
 dream,12.250264167785645
 vacation,4.799546241760254
 together,3.7812869548797607
...,6.450125217437744
"
",1.7085622549057007
"
",0.000376777199562639
How,8.256875991821289
 did,3.0346899032592773
 you,1.2990288734436035
 find,4.564774513244629
 out,0.8681412935256958
 about,1.9286545515060425
 the,3.2646517753601074
 quarrel,15.771608352661133
?,1.43686842918396
 Did,4.755799293518066
 Peter,12.811708450317383
 tell,3.978156328201294
 you,0.3015731871128082
 himself,13.270631790161133
?,1.4349051713943481
