token,surprisal
Okay,14.50871467590332
",",0.8001704216003418
 let,4.003420352935791
's,0.21689024567604065
 keep,7.990187644958496
 moving,4.7695183753967285
.,3.3555338382720947
 It,5.105441570281982
 can,7.0616774559021
't,1.9367460012435913
 be,0.9189162850379944
 far,11.485156059265137
 now,6.484616756439209
".""",2.0276176929473877
