token,surprisal
Great,14.407540321350098
",",3.9686007499694824
 I,3.1947739124298096
'll,3.325457811355591
 get,4.641463279724121
 the,4.7369704246521
 form,12.298194885253906
.,4.956228256225586
 Can,7.103305816650391
 you,1.5067007541656494
 tell,4.67423152923584
 me,0.2903527319431305
 more,4.420210838317871
 about,0.769420862197876
 the,2.436152458190918
 dry,15.34682846069336
 cleaning,5.815419673919678
 process,1.7081376314163208
"?""",1.0747501850128174
