token,surprisal
Oh,12.966127395629883
",",1.0160456895828247
 cool,9.375678062438965
.,1.961035966873169
 Do,7.437099933624268
 you,0.4545831084251404
 have,2.484449863433838
 any,1.475548267364502
 plans,4.753378868103027
 for,2.3569841384887695
 the,3.2173542976379395
 weekend,8.20785140991211
"?""",0.4535614252090454
