token,surprisal
",",3.748396158218384
 really,6.777982234954834
?,1.1137689352035522
 Well,6.159295558929443
",",0.44208505749702454
 I,2.3286404609680176
 think,3.7961766719818115
 it,2.8501534461975098
's,0.748950183391571
 because,5.086644172668457
 it,4.595035076141357
's,0.6818109750747681
 just,5.596114158630371
 so,2.9215478897094727
 raw,11.036502838134766
 and,2.2039287090301514
 emotional,8.171359062194824
.,1.57209312915802
 There,5.126397609710693
's,0.6415080428123474
 something,4.395636081695557
 about,2.3923723697662354
 the,2.675598621368408
 way,2.4426767826080322
 the,4.181241989135742
 instruments,13.710601806640625
 clash,13.6935453414917
 and,2.6666836738586426
 complement,13.471851348876953
 each,0.3207337260246277
 other,0.014698999933898449
 that,2.382181167602539
 creates,8.033238410949707
 this,3.4723477363586426
 incredible,6.364710330963135
 energy,6.125889301300049
.,1.3846948146820068
 And,3.7099804878234863
 the,4.159862518310547
 lyrics,7.282954692840576
 are,1.6213688850402832
 always,6.3678388595581055
 so,2.1965346336364746
 honest,7.62789249420166
 and,1.1415290832519531
 rel,9.487712860107422
atable,0.00017973306239582598
.,1.3362456560134888
 It,2.5182158946990967
's,0.41993850469589233
 like,3.4555575847625732
 the,4.220136642456055
 band,6.681936740875244
 is,2.8100850582122803
 b,12.3373441696167
aring,4.043301582336426
 their,0.7735980749130249
 soul,2.479111671447754
 for,4.25968074798584
 you,3.2045798301696777
 to,2.6669435501098633
 hear,1.6481364965438843
",",3.3098373413085938
 and,1.7298941612243652
 that,3.846252918243408
's,0.6807696223258972
 really,3.9448227882385254
 powerful,7.35124397277832
.,1.245836853981018
