token,surprisal
Oh,12.966127395629883
",",1.0160456895828247
 and,5.973260879516602
 one,6.8713884353637695
 more,1.7003369331359863
 thing,0.6912164688110352
",""",3.973345994949341
 the,5.198535919189453
 loan,15.648407936096191
 officer,3.71921443939209
 said,1.0288341045379639
 with,6.923097610473633
 a,0.34468820691108704
 hint,7.495880126953125
 of,0.051738474518060684
 excitement,8.1022367477417
 in,5.321868419647217
 her,2.645134210586548
 voice,0.10854455083608627
.,0.6272532939910889
