token,surprisal
But,9.867692947387695
 what,5.150903701782227
 about,2.992119789123535
 all,6.132572174072266
 the,1.0150490999221802
 memories,13.438645362854004
 we,4.594864368438721
 shared,8.85975170135498
"?""",2.7248547077178955
