token,surprisal
I,6.64793586730957
 see,7.672444820404053
",""",6.672011375427246
 said,2.677184581756592
 John,7.807296276092529
",",2.1664981842041016
 his,6.170217514038086
 voice,2.2349257469177246
 filled,7.878564357757568
 with,0.06788565218448639
 disappointment,7.981602191925049
.,0.5407719016075134
