token,surprisal
Warning,14.574576377868652
:,1.462906002998352
 Short,16.84222984313965
 generation,17.95037841796875
],6.478604316711426
 ,13.491878509521484
"
",14.979169845581055
You,17.925033569335938
're,7.754930019378662
 welcome,7.472919940948486
.,2.577007293701172
 Have,9.108378410339355
 a,1.8339898586273193
 great,2.53814959526062
 flight,11.49637222290039
!,2.185568332672119
