token,surprisal
I,6.64793586730957
 see,7.672444820404053
.,5.830953121185303
 Well,6.345538139343262
",",0.6413819193840027
 I,2.266942024230957
'm,2.6318116188049316
 glad,4.153084754943848
 he,6.059182167053223
's,1.6290279626846313
 on,6.686073303222656
 his,3.682377576828003
 way,0.5528513193130493
",""",5.346353054046631
 Mr,7.050635814666748
.,0.6746872663497925
 Thomas,10.385740280151367
 replied,4.91356086730957
.,0.6559403538703918
