token,surprisal
I,6.64793586730957
'm,3.0044448375701904
 thinking,8.089435577392578
 about,1.6434494256973267
 the,4.097508430480957
 seafood,16.337797164916992
 hot,14.524069786071777
 pot,6.627547740936279
.,3.4665908813476562
 It,3.5441060066223145
 looks,7.8284807205200195
 really,5.326531887054443
 good,1.776779055595398
 today,9.540023803710938
".""",2.073423147201538
