token,surprisal
He,9.512869834899902
's,2.42195200920105
 always,6.536549091339111
 buying,13.667651176452637
 new,5.087432384490967
 cars,2.128145456314087
 and,2.5280327796936035
 houses,9.282363891601562
",",2.393141984939575
 but,3.3240511417388916
 he,1.6599656343460083
 never,4.331123352050781
 seems,7.122220993041992
 happy,9.088924407958984
".""",3.6833152770996094
