token,surprisal
Oh,12.966127395629883
",",1.0160456895828247
 definitely,10.92563533782959
.,2.1782896518707275
 I,2.1479592323303223
 mean,4.787212371826172
",",0.3612653613090515
 he,5.158056735992432
 could,6.92553186416626
 tell,7.221719264984131
 the,5.060551643371582
 best,8.655339241027832
 college,15.182710647583008
 stories,10.087635040283203
",",2.7221291065216064
 let,9.676000595092773
 me,4.51553201675415
 tell,0.5836653113365173
 you,0.6131781339645386
".""",2.7041051387786865
