token,surprisal
Okay,14.50871467590332
",",0.8001704216003418
 got,10.97461223602295
 it,1.2682725191116333
.,1.7159055471420288
 So,5.9315714836120605
",",2.6782987117767334
 what,3.563310146331787
's,2.157334089279175
 his,8.152090072631836
 reaction,7.604951858520508
 to,1.322935700416565
 finding,10.930398941040039
 out,0.6075068712234497
 about,3.7891104221343994
 the,2.429044723510742
 contr,16.17448616027832
aband,0.6726351380348206
"?""",2.1941442489624023
