token,surprisal
Wow,14.601618766784668
",",1.4030489921569824
 that,2.9963018894195557
's,1.0544935464859009
 amazing,3.6898834705352783
!,3.2257237434387207
 What,5.4429755210876465
's,3.362258195877075
 her,9.327657699584961
 name,0.6915628910064697
"?""",0.8588445782661438
