token,surprisal
The,6.8852691650390625
 most,6.99246883392334
 important,1.6684843301773071
 point,6.837317943572998
 is,1.3122425079345703
 to,3.9335782527923584
 keep,4.779238224029541
 the,2.6650774478912354
 documents,12.837885856628418
 in,3.1373696327209473
 chronological,10.126277923583984
 order,0.020194286480545998
".""",4.092077255249023
