token,surprisal
Warning,14.574576377868652
:,1.462906002998352
 Short,16.84222984313965
 generation,17.95037841796875
],6.478604316711426
 I,10.050178527832031
 didn,6.459089756011963
't,0.001260237186215818
 watch,10.046232223510742
 it,2.1170175075531006
",",3.607239246368408
 but,2.6445395946502686
 my,5.712906837463379
 sister,8.477992057800293
 told,4.7989373207092285
 me,0.08125047385692596
 that,3.1071598529815674
 team,14.857913970947266
 A,7.308191299438477
 won,7.90388298034668
.,3.1039793491363525
"
",3.5778675079345703
"
",0.01755635254085064
[,4.138505458831787
Warning,0.8881911039352417
:,0.0012289953883737326
 Short,2.766829013824463
 generation,0.02065208926796913
],0.017779463902115822
 ,10.342089653015137
"
",7.519520282745361
23,25.84688377380371
-,5.4497456550598145
25,5.557767868041992
.,6.950698375701904
