token,surprisal
Okay,14.50871467590332
",",0.8001704216003418
 that,4.833945274353027
's,0.7527527809143066
 quite,7.149383068084717
 steep,13.543450355529785
.,2.1063783168792725
 Can,7.600680351257324
 you,1.2660717964172363
 let,7.1560444831848145
 me,0.42825454473495483
 try,6.461899757385254
 them,9.031856536865234
 on,3.910743236541748
 before,5.896100044250488
 I,2.1087679862976074
 make,5.924201011657715
 a,2.698958396911621
 decision,2.396953821182251
"?""",0.9689958095550537
