token,surprisal
Well,12.38253116607666
",",0.634820282459259
 what,5.480588912963867
 can,5.5566229820251465
 we,2.090963125228882
 do,0.4155658185482025
 to,3.0556623935699463
 rect,11.290983200073242
ify,0.0002426879364065826
 the,2.982529640197754
 situation,0.6495929956436157
"?""",0.8400078415870667
