token,surprisal
Oh,12.966127395629883
",",1.0160456895828247
 I,3.2712788581848145
 see,4.3106279373168945
.,1.4475953578948975
 Well,4.051827430725098
",",0.639163076877594
 what,5.276684284210205
 about,3.0142464637756348
 your,4.656488418579102
 father,5.564359188079834
?,2.4148812294006348
 Does,8.580938339233398
 he,0.8523747324943542
 work,7.165451526641846
 as,4.701932430267334
 well,4.9908976554870605
"?""",4.085984706878662
