token,surprisal
Well,12.382515907287598
" ,",11.841570854187012
 it,5.020442485809326
 was,3.930480480194092
 nice,5.2940592765808105
 meeting,5.409614086151123
 you,0.4403368830680847
",",3.0335640907287598
 Tom,7.714162826538086
 !,11.872255325317383
" """,5.13710880279541
