token,surprisal
That,10.029616355895996
 is,3.4550986289978027
 excellent,13.054354667663574
",",3.3115463256835938
 you,5.667818546295166
 deserved,12.962150573730469
 it,1.4644361734390259
".""",1.9771379232406616
