token,surprisal
Okay,14.508716583251953
",",0.8001753687858582
 then,5.507336616516113
 I,3.3676278591156006
 will,4.587072372436523
 go,3.948650360107422
 and,3.9440717697143555
 find,5.029067039489746
 my,5.019943714141846
 purse,11.21826457977295
".""",2.7812705039978027
