token,surprisal
 should,8.428380966186523
 be,2.228731393814087
 impe,11.822526931762695
ached,0.007803020998835564
 immediately,6.548159122467041
!,7.491220951080322
"
",2.185718536376953
