token,surprisal
 have,6.037732124328613
 no,3.8941211700439453
 idea,1.5072699785232544
 what,1.5427541732788086
 is,5.195488929748535
 going,0.776415228843689
 on,0.2045050710439682
",",3.1637725830078125
 but,0.6946709156036377
 I,1.5540815591812134
 am,3.531142234802246
 sure,3.0323922634124756
 it,2.8103537559509277
 was,4.229801177978516
 something,3.7742419242858887
 bad,6.421380519866943
.,1.9846649169921875
