token,surprisal
Prov,14.797849655151367
ide,1.0822193622589111
 an,7.355738639831543
 image,7.545220851898193
 of,3.126471519470215
 a,2.7194228172302246
 le,13.908059120178223
opard,1.1265372037887573
 frog,11.37768268585205
 being,8.829885482788086
 hugged,10.51555061340332
 by,0.6230291724205017
 Nig,20.636781692504883
ella,2.8327791690826416
 Kitchen,15.928460121154785
._,18.873140335083008
 ,11.952176094055176
"
",8.596978187561035
