token,surprisal
Prov,13.983756065368652
ide,2.273487091064453
 the,4.1037774085998535
 rest,10.26624584197998
 of,0.128049835562706
 the,0.731809675693512
 article,8.53321361541748
 from,8.45705795288086
 this,4.326119422912598
 moment,9.62137222290039
 onwards,6.509405136108398
.,1.7855340242385864
