token,surprisal
's,4.376906394958496
 not,3.3709299564361572
 like,3.868943214416504
 I,2.643073558807373
 haven,6.472140789031982
't,0.0001787010405678302
 done,3.8383352756500244
 it,2.4601619243621826
 before,1.3203496932983398
.,1.5883677005767822
"
",3.664515256881714
