token,surprisal
 was,5.585368633270264
 no,2.406203031539917
 response,8.113677978515625
 submitted,15.566703796386719
