token,surprisal
'll,9.647392272949219
 give,4.726491451263428
 you,0.5937210321426392
 one,3.8861348628997803
 word,6.099367618560791
 for,2.930262565612793
 that,3.2817418575286865
 .,11.690906524658203
 .,0.34635716676712036
 .,0.08017420768737793
" """,4.444870471954346
Y,11.431732177734375
UM,12.026936531066895
"!""",1.254809021949768
"

",6.46825647354126
