token,surprisal
onic,14.405251502990723
The,8.615167617797852
H,7.889256477355957
edge,4.099741458892822
hog,0.019390493631362915
's,6.851418972015381
 topic,15.974721908569336
 in,5.873323440551758
 Fan,14.021459579467773
 Characters,15.718340873718262
"
",3.233572244644165
I,9.083809852600098
 don,5.008897304534912
't,0.001386416144669056
 even,6.826911926269531
 know,1.0370030403137207
 where,3.5924811363220215
 to,1.4239574670791626
 begin,1.1678978204727173
 this,5.930543899536133
.,3.110971450805664
 So,6.470938205718994
 I,3.019712448120117
 guess,5.784111499786377
 I,1.5484769344329834
 will,5.058796405792236
 start,3.7305195331573486
 with,1.3117481470108032
 this,3.966184616088867
",",5.256528377532959
 just,6.535854816436768
 to,1.6913397312164307
 get,3.677720308303833
 it,4.7785491943359375
 over,5.8534932136535645
 with,0.45127707719802856
.,0.7415550351142883
 This,5.804037570953369
 is,1.266279935836792
 the,3.228003740310669
 best,6.636107921600342
 fan,5.9279093742370605
 character,3.00230073928833
 I,2.050884485244751
 have,1.5725607872009277
 ever,0.3751571476459503
 seen,2.124054193496704
 in,3.1385679244995117
 my,1.6921218633651733
 entire,2.80216646194458
 life,0.24867068231105804
.,0.7561311721801758
 Thank,10.218420028686523
 you,0.1853179931640625
 for,2.1601085662841797
 sharing,5.737793445587158
 your,2.067352294921875
 work,6.071277141571045
 here,5.521820068359375
 on,3.637928009033203
 FA,12.354201316833496
 and,5.3121161460876465
 making,5.882776737213135
 our,8.145379066467285
 day,7.094394207000732
 a,4.322608470916748
 little,1.8961453437805176
 brighter,3.382556676864624
.,0.9197299480438232
"
",2.968822717666626
Mario,13.76260757446289
's,4.927334308624268
 first,6.900195598602295
 reaction,8.436697006225586
 to,1.5559443235397339
 sonic,14.831329345703125
