token,surprisal
 name,9.609325408935547
 is,0.24518750607967377
 Pri,14.708159446716309
y,1.7674788236618042
anka,0.08089881390333176
.,3.1542015075683594
 How,7.207672119140625
 can,2.6888375282287598
 I,0.7282792329788208
 help,1.9801028966903687
 you,0.6963528990745544
?,1.9688113927841187
