token,surprisal
ERROR,16.29109001159668
],0.7034591436386108
 Generation,14.709976196289062
 failed,4.391112804412842
 after,6.467057704925537
 3,6.225919723510742
 attempts,7.2179436683654785
:,3.9596118927001953
 Error,6.734650611877441
 code,4.747742176055908
:,1.7358382940292358
 400,8.866471290588379
 -,6.338572025299072
 {,10.4166841506958
',8.149338722229004
error,6.475261688232422
':,1.7647924423217773
 ',1.709039568901062
T,8.767021179199219
rying,5.644352912902832
 to,0.17140452563762665
 keep,10.736021041870117
 the,3.5993075370788574
 first,8.915149688720703
 49,14.119909286499023
64,8.71981143951416
 tokens,7.781164169311523
 when,9.123167037963867
 context,14.530715942382812
 the,11.10396671295166
 overfl,16.24492835998535
ows,1.5370736122131348
.,4.335662841796875
 However,8.613690376281738
",",0.5620874166488647
 the,2.7739486694335938
 model,11.896430969238281
 is,3.3938286304473877
 loaded,6.68807315826416
 with,3.6634390354156494
 context,10.227421760559082
 length,12.405035972595215
 of,2.965751886367798
 only,9.043206214904785
 4096,9.525301933288574
 tokens,4.158355236053467
",",3.504990577697754
 which,3.367738962173462
 is,1.7563055753707886
 not,3.0418646335601807
 enough,2.3344929218292236
.,2.759525775909424
 Try,5.445070266723633
 to,4.076442718505859
 load,4.369588851928711
 the,2.1576454639434814
 model,1.7945712804794312
 with,1.6349526643753052
 a,3.7659707069396973
 larger,5.358039379119873
 context,1.865854024887085
 length,1.3920536041259766
",",2.9761710166931152
 or,4.680177688598633
 provide,10.267196655273438
 a,1.6000826358795166
 shorter,8.381792068481445
 input,9.03479290008545
',10.484307289123535
},1.8792204856872559
...,9.587045669555664
