token,surprisal
 Thank,14.299796104431152
you,8.857232093811035
 for,2.092494487762451
 the,3.093952178955078
 flight,13.67613697052002
",",3.5548489093780518
 have,10.332557678222656
 a,0.4172416925430298
 great,1.3849849700927734
 trip,2.6868555545806885
!,1.9637953042984009
'',13.547018051147461
