token,surprisal
...,9.16901969909668
that,6.456066131591797
's,1.0379821062088013
 pretty,5.587244510650635
 messed,9.049139022827148
 up,0.045129407197237015
 that,8.699564933776855
 he,4.561485767364502
 was,4.118541240692139
 able,4.699423789978027
 to,0.007521455641835928
 do,2.9796457290649414
 it,2.384303331375122
.,2.9114208221435547
