token,surprisal
 But,11.147114753723145
",",4.771396160125732
 it,5.3584818840026855
 was,3.256906270980835
 made,8.361364364624023
 from,6.641121864318848
 real,7.136123180389404
 love,11.17929458618164
.'',10.808577537536621
