token,surprisal
 ],9.916126251220703
 Accept,19.132417678833008
.,8.713255882263184
 ,12.754464149475098
"
",9.190485000610352
 [,18.78896141052246
X,10.151135444641113
],1.524035096168518
 Ignore,9.027267456054688
.,1.2560491561889648
 ,2.055267810821533
"
",0.3428923487663269
 [,16.159282684326172
 ],4.10455846786499
 I,10.096665382385254
 can,6.703176021575928
't,0.9331658482551575
 go,6.464802265167236
 back,2.893902063369751
 now,5.0654168128967285
!,4.919703006744385
