token,surprisal
[,9.749250411987305
47,13.121428489685059
.,3.638352870941162
385,12.265301704406738
\,11.838589668273926
],2.8168365955352783
