token,surprisal
 is,4.445995807647705
 not,3.929894208908081
 a,2.3099350929260254
 SQL,16.86275863647461
 query,3.3106799125671387
.,2.0509138107299805
 You,4.834310054779053
 can,1.7335833311080933
 only,4.960244178771973
 use,2.7602648735046387
 SQL,4.550975799560547
 queries,5.024102210998535
 to,3.550795078277588
 update,8.862826347351074
 the,2.6237142086029053
 data,3.1487460136413574
.,2.2743449211120605
