token,surprisal
 do,8.948460578918457
 u,9.58945369720459
 want,2.8171677589416504
 to,2.549499988555908
 know,3.6897499561309814
?,2.9213626384735107
