token,surprisal
 D,10.409566879272461
aff,11.791393280029297
ney,9.22220516204834
