token,surprisal
In,8.786093711853027
 the,3.8965742588043213
 t,13.05607795715332
und,9.047847747802734
ra,0.045350082218647
 biome,8.903538703918457
...),12.312728881835938
"
",1.8098630905151367
"
",0.004066321533173323
[,6.67793607711792
player,13.172933578491211
]:,6.875957489013672
" """,5.895016670227051
I,4.671372890472412
 wonder,6.834719657897949
 what,1.8444077968597412
 they,4.9853901863098145
're,2.373594045639038
 doing,1.6791832447052002
 over,7.624447822570801
 there,0.33211469650268555
...,5.529750347137451
maybe,8.628649711608887
 some,5.08359432220459
 research,11.039327621459961
"?""",2.5451111793518066
 (,4.345260143280029
they,9.845823287963867
 turn,9.586005210876465
 around,1.889445185661316
 and,1.4137871265411377
 see,3.015458822250366
 the,2.668881416320801
 snow,9.649547576904297
 go,10.30142593383789
lem,14.164666175842285
 baby,16.316909790039062
!),6.234987258911133
"
",0.23593610525131226
"
",0.0003225895343348384
[,0.25988131761550903
player,0.190261110663414
]:,0.004121684934943914
 (,5.799855709075928
h,7.716327667236328
ugs,5.375715255737305
 it,3.5016918182373047
),2.3112661838531494
" """,2.54034423828125
Hello,7.035323143005371
",",1.5830514430999756
 little,6.294743537902832
 one,3.0480546951293945
!,2.2378628253936768
 How,5.207986354827881
 are,1.3336344957351685
 you,0.2753566801548004
 feeling,4.5168023109436035
?,2.5064330101013184
 You,3.4942944049835205
 must,6.324195384979248
 be,1.0997782945632935
 really,4.200511455535889
 cold,6.516997814178467
".""",3.2964425086975098
 (,1.835289716720581
the,3.6832566261291504
 go,11.862980842590332
lem,0.028581079095602036
 puts,9.432677268981934
 its,1.3456426858901978
 hands,5.056783676147461
 on,1.0448007583618164
 them,8.999978065490723
 to,5.603267669677734
 warm,5.035926818847656
 them,1.150915265083313
 up,0.5645221471786499
.),3.0594940185546875
