token,surprisal
 are,7.049227237701416
 the,2.1282379627227783
 treasury,19.32444190979004
 option,14.156472206115723
 trading,12.129176139831543
 strategies,4.684269905090332
 pattern,21.065227508544922
 names,13.303393363952637
