token,surprisal
 my,9.280574798583984
 god,2.9705679416656494
 that,6.16115140914917
 is,3.437227725982666
 really,5.111329078674316
 sad,6.966104507446289
 what,8.45659351348877
 happened,2.3702192306518555
 to,1.3715389966964722
 his,6.15608549118042
 family,2.5439071655273438
!?,12.191596031188965
