token,surprisal
 business,12.968153953552246
 manager,8.302139282226562
 in,3.8534865379333496
 Manhattan,7.910284042358398
" ,",10.397525787353516
 and,4.435579776763916
 Jo,13.844831466674805
anne,2.301513195037842
 ,13.576556205749512
"

",18.74747085571289
