token,surprisal
way,12.492630958557129
 by,5.674882411956787
 the,2.9483585357666016
 age,13.900026321411133
 of,0.0409986712038517
 forty,7.042465686798096
"

",12.417254447937012
