token,surprisal
 Kelly,11.81396770477295
",",2.3339169025421143
 Lay,14.545294761657715
la,1.9314221143722534
 El,10.88657283782959
",",9.327604293823242
 Molly,10.45517349243164
 Holly,8.14230728149414
 and,2.7461633682250977
 Nat,10.286676406860352
aly,3.6173524856567383
a,0.00029644256574101746
 (,8.524595260620117
N,7.495036602020264
att,12.754754066467285
ie,0.7899702191352844
).,5.300777912139893
