token,surprisal
eking,13.750457763671875
 constructive,15.23779010772705
 criticism,4.0520758628845215
!,11.957757949829102
