token,surprisal
10,8.605090141296387
",",4.9931416511535645
000,4.550460338592529
 karma,15.340411186218262
.,3.9872448444366455
 You,5.84632682800293
're,4.612265110015869
 not,3.686966896057129
 so,8.331160545349121
 bad,2.8134877681732178
 either,6.100732803344727
.,0.9413076639175415
 You,4.352906227111816
 took,9.36629867553711
 care,6.373053550720215
 of,0.06973621994256973
 your,3.248476028442383
 family,3.6302740573883057
.,2.7621288299560547
 Lots,12.629447937011719
 of,0.23125343024730682
 interaction,14.046899795532227
 with,2.677724838256836
 other,3.611004114151001
 users,7.305022239685059
.,1.3408323526382446
 Shared,13.179184913635254
 funny,11.276117324829102
 posts,5.1333231925964355
 and,3.3518810272216797
 videos,5.3679280281066895
 from,4.768317699432373
 Reddit,6.871097087860107
 and,3.1896798610687256
 Facebook,5.326088905334473
.,0.6427971720695496
