token,surprisal
",",3.065018653869629
 yeah,7.786888599395752
.,1.7721881866455078
 I,2.330354928970337
 can,5.74043607711792
't,1.7308075428009033
 take,6.41729736328125
 credit,5.700820446014404
 for,0.41672736406326294
 that,1.666994333267212
 one,5.645240783691406
.,1.1191201210021973
