token,surprisal
[,10.989971160888672
Alt,14.421571731567383
 text,9.215628623962402
](,9.955503463745117
http,1.9359509944915771
://,0.0031614929903298616
pr,10.291653633117676
nt,0.8623746633529663
sc,0.003945081494748592
r,0.000784540141467005
.,0.00393680389970541
com,0.4364560842514038
/,0.09447701275348663
q,6.801088809967041
61,11.850149154663086
r,5.699848651885986
3,5.088759422302246
a,6.338096618652344
),2.173152446746826
