token,surprisal
.,3.190448522567749
 20,13.783136367797852
 21,10.531888961791992
 22,1.323650598526001
 23,0.2694651782512665
"

",10.886894226074219
"
",0.0005518258549273014
###,10.873818397521973
 Solution,14.95022201538086
:,3.097398519515991
"
",2.987752676010132
1,21.00272560119629
.,0.3335431218147278
 dissemin,24.209165573120117
ate,0.07398547977209091
 ,10.725351333618164
 ,9.563067436218262
 ,3.2809219360351562
 ,1.8335357904434204
 ,1.562373399734497
 ,1.517279028892517
 ,1.501340389251709
 ,1.4765907526016235
 ,1.4020731449127197
 ,1.2969329357147217
 ,1.1754322052001953
 ,1.0711137056350708
 ,0.9782115817070007
 ,0.9054588079452515
 ,0.8538505434989929
 ,0.8202565312385559
 ,0.7952662110328674
 ,0.7851535081863403
 ,0.7862997651100159
 ,0.7937023639678955
 ,0.812572717666626
 ,0.8347336649894714
"
",3.10457444190979
2,17.747774124145508
.,0.10161920636892319
 perceive,16.797452926635742
 ,0.9977717995643616
 ,0.14019425213336945
 3,12.795534133911133
.,1.3020691871643066
 accuracy,16.844486236572266
 ,0.7845155596733093
 ,1.0136122703552246
 ,0.9916484951972961
 4,4.948424816131592
.,0.04912617802619934
 credibility,10.520252227783203
"
",6.36065673828125
5,7.4966254234313965
.,0.10606305301189423
 required,13.359082221984863
