token,surprisal
o,8.52325439453125
vel,1.4413741827011108
 Knight,5.059834003448486
:,3.0205206871032715
 No,10.483121871948242
",",3.044194221496582
 the,6.1608991622924805
 only,6.962375640869141
 way,3.336902141571045
 to,1.18193781375885
 prevent,6.997495174407959
 this,2.608186960220337
 is,1.2010760307312012
 by,3.3786368370056152
 taking,5.717953205108643
 his,7.128415584564209
 weapon,7.408864974975586
.,2.4864673614501953
