token,surprisal
 Pri,17.292484283447266
ans,14.319518089294434
hu,9.791886329650879
!,8.409440994262695
 Nice,11.909795761108398
 to,1.4559175968170166
 meet,0.5038637518882751
 you,0.10197198390960693
.,3.026860475540161
 I,3.2007102966308594
'm,2.2777957916259766
 just,7.15920352935791
 an,7.380571365356445
 AI,8.582282066345215
",",3.4336869716644287
 so,3.5119059085845947
 I,1.6269468069076538
 don,3.127805233001709
't,0.00037712123594246805
 have,2.784507989883423
 personal,11.591856002807617
 preferences,8.071385383605957
 or,4.696892738342285
 needs,6.764151096343994
 like,7.818004131317139
 humans,7.377469062805176
 do,1.8990769386291504
",",3.2427008152008057
 but,0.965920627117157
 I,1.1426723003387451
'm,2.5600924491882324
 here,5.144586086273193
 to,0.6663734316825867
 help,1.517711877822876
 you,1.1248942613601685
 with,3.8468258380889893
 any,4.583584785461426
 questions,3.0932209491729736
 or,3.0064685344696045
 tasks,11.052695274353027
 you,1.0660890340805054
 might,1.2582080364227295
 have,0.3529878556728363
.,0.5872849225997925
 How,7.65662145614624
 can,3.6512081623077393
 I,0.42206114530563354
 assist,5.406613349914551
 you,0.40868711471557617
 today,8.562314987182617
?,0.20374873280525208
