token,surprisal
ERROR,16.29109001159668
],0.7034591436386108
 Generation,14.709976196289062
 failed,4.391112804412842
 after,6.467057704925537
 3,6.225919723510742
 attempts,7.2179436683654785
:,3.9596118927001953
 Error,6.734650611877441
 code,4.747742176055908
:,1.7358382940292358
 400,8.866471290588379
 -,6.338572025299072
 {,10.4166841506958
',8.149338722229004
error,6.475261688232422
':,1.7647924423217773
 ',1.709039568901062
T,8.767021179199219
rying,5.644352912902832
 to,0.17140452563762665
 keep,10.736021041870117
 the,3.5993075370788574
 first,8.915149688720703
 88,15.722501754760742
51,15.20291519165039
 tokens,9.67440128326416
 when,8.948115348815918
 context,14.282625198364258
 the,11.141083717346191
 overfl,16.263147354125977
ows,1.656784176826477
.,4.288906574249268
 However,8.57502269744873
",",0.5626724362373352
 the,2.7834811210632324
 model,12.119401931762695
 is,3.452939510345459
 loaded,6.638891220092773
 with,3.581881046295166
 context,9.472800254821777
 length,12.377615928649902
 of,3.098285675048828
 only,9.109954833984375
 4096,10.475992202758789
 tokens,4.434173107147217
",",3.482461452484131
 which,3.3137192726135254
 is,1.7855799198150635
 not,3.0487918853759766
 enough,2.279447555541992
.,2.802377939224243
 Try,5.394284725189209
 to,4.0301666259765625
 load,4.361741542816162
 the,2.123258113861084
 model,1.9170994758605957
 with,1.6409746408462524
 a,3.7651889324188232
 larger,5.446051120758057
 context,1.7831963300704956
 length,1.330033779144287
",",2.973329782485962
 or,4.682718276977539
 provide,10.221905708312988
 a,1.630718469619751
 shorter,8.441762924194336
 input,8.968628883361816
',10.521716117858887
},1.9947104454040527
...,9.61996841430664
