token,surprisal
!,9.279561996459961
 I,3.0386524200439453
'm,2.9335877895355225
 ready,7.515629291534424
 to,1.0563035011291504
 help,7.82594633102417
 you,1.6740875244140625
 generate,14.607513427734375
 image,13.7136869430542
 prompts,12.377286911010742
 for,2.6069469451904297
 Mid,17.999717712402344
j,10.37520694732666
ourney,6.90770959854126
 AI,13.405929565429688
.,2.0152556896209717
 Please,5.471224784851074
 provide,8.240758895874023
 the,3.278172016143799
 concept,13.637975692749023
 you,5.7306904792785645
 would,6.45086145401001
 like,0.05764210596680641
 me,5.157495021820068
 to,0.027831073850393295
 work,4.826306343078613
 with,2.1614718437194824
",",3.4972572326660156
 and,2.098276376724243
 I,1.6937310695648193
 will,1.006722331047058
 create,4.949893474578857
 four,12.178370475769043
 distinct,10.363776206970215
 prompts,5.7173542976379395
 for,2.0781702995300293
 each,2.6081066131591797
 of,2.953582525253296
 the,1.5970665216445923
 elements,10.592966079711914
 you,3.5766143798828125
 mentioned,6.6016926765441895
 (,6.173736572265625
description,13.851325988769531
",",0.15798617899417877
 environment,9.25415325164795
",",0.3406795263290405
 compositions,17.806547164916992
",",0.45356282591819763
 atmosphere,10.865196228027344
",",0.6281301975250244
 and,2.142465114593506
 realization,19.02313995361328
).,0.6324639320373535
