token,surprisal
's,5.941442489624023
 getting,13.540749549865723
 married,6.875394344329834
.,3.1636385917663574
 ,10.330497741699219
 Do,19.33454132080078
 you,0.5847474336624146
 believe,6.085989475250244
 this,4.794366836547852
?,3.102433204650879
