token,surprisal
",",3.464235305786133
 it,3.691845655441284
's,1.265228033065796
 a,3.2778377532958984
 good,4.5436110496521
 choice,6.8472771644592285
 because,4.99222469329834
 Shanghai,19.315336227416992
 is,1.6403422355651855
 too,8.5699462890625
 big,3.549260377883911
 for,2.0588719844818115
 us,5.181338787078857
 to,1.730230689048767
 go,4.364901065826416
 around,5.920853137969971
 by,9.058362007141113
 taxi,9.339766502380371
 or,3.37693190574646
 public,7.932204246520996
 transportation,2.690868377685547
 alone,7.921586990356445
.,1.264236330986023
 You,5.463517189025879
 may,6.1069746017456055
 have,3.09550142288208
 trouble,7.710448265075684
 navigating,7.141269207000732
 unfamiliar,14.18964958190918
 areas,3.549372911453247
 and,4.212010383605957
 finding,6.184724807739258
 your,3.9251437187194824
 way,0.24370573461055756
 around,2.1391077041625977
 without,5.726842880249023
 one,7.921170711517334
.,1.814164638519287
 Plus,8.206415176391602
",",0.41604384779930115
 you,2.675022602081299
 can,2.869215250015259
 drive,6.834813594818115
 on,4.528580665588379
 the,2.0888478755950928
 right,5.968213081359863
 side,1.8372597694396973
 of,0.4967691898345947
 the,0.4247201085090637
 road,0.9977201223373413
 in,4.95911979675293
 China,7.179685115814209
 now,10.370957374572754
!,6.082146167755127
