token,surprisal
 first,7.7072672843933105
 response,10.04465389251709
 is,3.6880319118499756
 an,6.378007888793945
 appropriate,8.655378341674805
 one,1.937044620513916
",",2.118990659713745
 as,4.018692970275879
 it,2.95460844039917
 acknowledges,8.457558631896973
 that,0.8989354372024536
 the,2.531407117843628
 situation,7.705962657928467
 has,3.76932692527771
 become,3.929109811782837
 quite,7.318812847137451
 a,5.677662372589111
 mess,3.2288360595703125
 and,3.3904836177825928
 offers,7.981997013092041
 to,4.13667106628418
 help,3.2428231239318848
 clean,9.457968711853027
 it,2.2065813541412354
 up,0.01523414347320795
.,0.7236937880516052
 The,3.4948630332946777
 second,1.5801770687103271
 response,1.0873380899429321
 adds,12.910160064697266
 a,3.1421031951904297
 sense,4.591105937957764
 of,0.05870097130537033
 empathy,8.037129402160645
 by,7.213923931121826
 apologizing,10.536420822143555
 for,1.032030463218689
 the,1.265147089958191
 inconvenience,7.5965070724487305
 caused,3.9314043521881104
 by,1.423240303993225
 the,1.039623737335205
 mess,8.158638000488281
.,1.2406445741653442
 It,4.471705436706543
 also,2.7758126258850098
 suggests,4.70278787612915
 a,3.7203590869903564
 solution,9.088261604309082
",",3.6597161293029785
 which,3.1556527614593506
 is,1.935890793800354
 helpful,8.558221817016602
 and,3.7828574180603027
 consider,12.142426490783691
ate,0.1860872209072113
.,1.2140799760818481
