token,surprisal
 liked,13.377289772033691
 my,5.306249618530273
 Western,15.359781265258789
 Civ,13.15454387664795
 class,8.648984909057617
.,2.705012798309326
 My,5.782513618469238
 professor,7.603752613067627
 was,2.8571360111236572
 excellent,8.717305183410645
 and,2.638739585876465
 I,2.2891790866851807
 learned,5.91291618347168
 so,4.412142753601074
 much,0.114693783223629
 about,2.58661150932312
 the,2.5736396312713623
 history,5.061506271362305
 of,0.4498375356197357
 that,8.238057136535645
 time,8.056269645690918
 period,3.9822545051574707
.,0.8015922904014587
 ,11.59871768951416
"
",10.528463363647461
"
",1.835658311843872
Inst,13.440584182739258
ruction,3.767469644546509
:,4.244307041168213
"
",3.172487258911133
Continue,31.735496520996094
 the,6.513657569885254
 dialogue,9.22967529296875
 where,8.998910903930664
 he,5.850057125091553
 responds,11.732988357543945
 to,1.7496044635772705
 your,2.158708095550537
 last,8.680375099182129
 statement,7.130717754364014
",",3.580458402633667
 explaining,7.744065284729004
 why,4.362347602844238
 it,4.516830921173096
's,2.3512227535247803
 one,9.59684944152832
 of,0.44945329427719116
 his,3.2859654426574707
 favorites,5.3912458419799805
.,1.3594988584518433
 ,2.8546347618103027
"
",0.30424463748931885
"
",0.0003869268693961203
###,13.618184089660645
 Response,12.084013938903809
:,1.106795072555542
"
",0.622667670249939
"
",0.009247413836419582
Oh,9.737382888793945
?,8.886551856994629
 That,5.644930839538574
 sounds,5.206328392028809
 good,3.7135658264160156
!,3.4176816940307617
 What,6.722209930419922
 was,4.559805870056152
 most,10.020155906677246
 interesting,1.970862627029419
 about,0.9925025105476379
 this,2.7392866611480713
 class,2.712737560272217
 in,7.551259517669678
 particular,2.9113447666168213
?,1.624550223350525
