token,surprisal
 fell,13.314897537231445
 off,5.132424354553223
 your,3.8302762508392334
 bike,3.2205162048339844
 and,2.2705483436584473
 cut,10.946255683898926
 your,2.2497076988220215
 knee,7.647785663604736
?,5.417187690734863
