token,surprisal
 was,6.132439613342285
 thinking,6.868668556213379
 more,8.149517059326172
 of,3.2475903034210205
 a,4.756759166717529
 temporary,13.185983657836914
 hair,13.519121170043945
 dye,8.466543197631836
 or,5.65569543838501
 maybe,5.570994853973389
 the,6.173448085784912
 dreaded,10.701883316040039
 highlights,16.77652359008789
.,2.224858522415161
 I,2.3644795417785645
 think,5.084104537963867
 I,2.095111131668091
 would,5.116523265838623
 be,3.649522542953491
 too,7.708481311798096
 scared,6.026440143585205
 to,0.5739837884902954
 do,3.6815011501312256
 something,5.480016708374023
 more,6.722477912902832
 permanent,5.313921928405762
 lol,14.661484718322754
.,0.8994429111480713
"
",2.0503478050231934
"
",0.1343403458595276
What,6.077590465545654
 kind,5.824070930480957
 of,0.010662500746548176
 makeup,5.911471366882324
 are,3.2208361625671387
 you,0.03899268060922623
 good,11.20064640045166
 at,0.07556921243667603
 ?,7.494204044342041
"
",0.6540570259094238
"
",0.0002536107203923166
Any,8.807388305664062
 other,6.334527015686035
 talents,12.30049991607666
?,4.2295637130737305
"
",0.5448281764984131
"
",0.0002168864302802831
Have,7.854897975921631
 any,3.5223007202148438
 pets,10.935133934020996
 ?,1.6047382354736328
 ,12.284564971923828
"
",4.996127128601074
"
",0.0003358352114446461
Do,4.996901512145996
 you,0.0975494384765625
 like,3.60644268989563
 any,7.786041259765625
 animals,5.56068229675293
 in,7.777926445007324
 particular,4.082192420959473
?,2.9903993606567383
 ,4.520718574523926
"
",0.06519009172916412
"
",0.00041668815538287163
How,4.656067371368408
 old,4.609943389892578
 were,4.688969612121582
 you,0.12403659522533417
 when,0.22000938653945923
 you,0.13039900362491608
 got,4.133428573608398
 your,2.612291097640991
 first,2.72845196723938
 pet,7.45845890045166
",",7.9792046546936035
 and,2.938776731491089
 what,1.7460651397705078
 was,2.805626630783081
 it,2.573467493057251
?,5.895786285400391
 ,1.9672306776046753
"
",0.06800030916929245
"
",0.0004086026456207037
I,3.3690497875213623
 hope,10.208595275878906
 that,4.4331278800964355
's,3.897940158843994
 all,4.806173801422119
 the,5.187836647033691
 questions,6.354207515716553
 I,3.247224807739258
 have,2.081585168838501
 for,2.708111047744751
 now,7.904902458190918
.,0.8517733812332153
