token,surprisal
 I,6.661412239074707
 don,4.221343517303467
't,0.001008342602290213
 know,1.73276686668396
 if,2.679626226425171
 you,3.2130982875823975
 are,5.497619152069092
 aware,3.2194206714630127
 but,6.291062355041504
 the,4.519161224365234
 darts,18.091371536254883
 can,6.19523811340332
 hit,6.793842315673828
 walls,10.835331916809082
 so,6.656301498413086
 it,3.2965073585510254
 is,2.046995162963867
 not,4.402432441711426
 always,5.814713954925537
 100,9.543021202087402
%,0.21434509754180908
 safe,1.447475790977478
 lol,11.659592628479004
 (,7.553333282470703
although,7.625062465667725
 i,6.569039344787598
 would,5.029122829437256
 love,5.551360607147217
 for,4.746713638305664
 the,4.044406414031982
 walls,11.657773971557617
 to,0.26694661378860474
 be,1.3657605648040771
 a,5.609920978546143
 bit,2.151613235473633
 thinner,5.541008949279785
 haha,7.417099952697754
),1.0995783805847168
 also,9.980474472045898
 maybe,9.416165351867676
 its,6.9805216789245605
 just,3.61171293258667
 me,2.1412580013275146
 but,2.5981533527374268
 i,2.388139247894287
 feel,5.557903289794922
 like,0.680444598197937
 most,7.074211120605469
 of,1.8842486143112183
 my,2.529318332672119
 life,7.313944339752197
 has,2.6134753227233887
 been,0.3918566405773163
 spent,2.359074831008911
 running,7.526210308074951
 from,6.2311177253723145
 one,6.502176284790039
 wall,6.229024410247803
 to,0.362982839345932
 another,1.3629724979400635
 ha,12.123160362243652
h,0.22819884121418
aha,0.7307425737380981
"

",4.97355318069458
