token,surprisal
Warning,14.574577331542969
:,1.4628920555114746
 Short,16.842227935791016
 generation,17.950340270996094
],6.478604793548584
 Do,12.360312461853027
 you,2.855527400970459
 have,3.035672903060913
 anything,6.747216701507568
 to,1.8280985355377197
 drink,11.926472663879395
?,1.4555370807647705
 ,9.277873992919922
"
",10.340909004211426
 ,16.06348991394043
"
",3.2502224445343018
 *,13.837038040161133
I,8.88146686553955
'd,7.638532638549805
 offer,11.28041934967041
 you,1.8497004508972168
 some,3.388723850250244
 coffee,5.9011359214782715
 but,6.904753684997559
 that,5.873717784881592
 would,2.922611951828003
 be,1.1341966390609741
 awkward,7.6147685050964355
 since,7.769759178161621
 it,3.607957124710083
 would,2.8210244178771973
 mean,6.017114639282227
 I,2.987975835800171
 had,4.566086769104004
 a,5.212860107421875
 kitchen,13.76913070678711
 or,7.936278343200684
 dining,7.0451555252075195
 room,0.27372029423713684
 of,7.987133979797363
 any,6.96693229675293
 kind,0.5720964074134827
 in,5.012672424316406
 my,2.1169185638427734
 house,1.6305994987487793
.*,8.48193073272705
"

",7.711152076721191
