token,surprisal
 bit,11.753101348876953
 of,2.188215970993042
 an,5.883697032928467
 obsession,7.506651401519775
