token,surprisal
 clarify,13.754657745361328
",",1.065933108329773
 you,6.80123233795166
 are,3.5646255016326904
 inqu,15.288114547729492
iring,0.11907504498958588
 about,1.467006802558899
 the,1.8618502616882324
 information,7.503028392791748
 on,4.2586565017700195
 annual,18.46177864074707
 statements,8.551636695861816
 and,3.5421719551086426
 cross,12.132274627685547
-,0.5783202648162842
ref,0.7079227566719055
eren,2.1153125762939453
cing,0.6312599182128906
 it,8.159463882446289
 with,0.6775944232940674
 CC,12.598677635192871
MS,6.404229640960693
.,3.305023431777954
 It,5.372867584228516
 is,1.014617681503296
 important,3.46390700340271
 to,0.5758960247039795
 note,1.5174864530563354
 that,0.25206029415130615
 there,4.816086769104004
 may,5.220118999481201
 be,0.20378142595291138
 variations,7.411188125610352
 in,0.8452120423316956
 the,1.414339542388916
 average,10.353317260742188
 size,7.352895259857178
 of,0.22556108236312866
 the,1.78354811668396
 production,12.959074974060059
 process,6.752593517303467
 when,7.437027454376221
 compared,4.329381465911865
 to,0.3954295814037323
 the,1.8508641719818115
 data,8.017541885375977
 in,5.04497766494751
 annual,10.886792182922363
 statements,0.8580946326255798
.,0.6592034697532654
"
",2.3419699668884277
"
",0.001732044736854732
Please,6.635649681091309
 note,1.2035694122314453
 that,0.44835415482521057
 the,2.2838733196258545
 information,3.843182325363159
 provided,3.5485289096832275
 in,1.872786045074463
 your,4.355562686920166
 annual,1.2401365041732788
 statement,0.5986820459365845
 may,3.22086763381958
 not,1.6661808490753174
 be,1.2859660387039185
 accurate,2.705193519592285
 as,3.882263660430908
 there,6.549436569213867
 could,6.684272766113281
 be,0.051661375910043716
 discrepancies,5.723806381225586
 between,1.527193546295166
 the,1.2647067308425903
 stated,8.150495529174805
 and,6.030604362487793
 actual,2.031813383102417
 production,3.1136715412139893
 size,8.060633659362793
.,1.6282504796981812
 I,8.709477424621582
 will,3.5367372035980225
 check,8.291919708251953
 with,1.768325686454773
 CC,5.629542350769043
MS,0.007610060274600983
 to,1.438975214958191
 ensure,3.194058895111084
 that,1.1697574853897095
 the,1.8389360904693604
 data,3.442572593688965
 is,2.68420147895813
 up,7.471158027648926
-,1.6746253967285156
to,0.001622278243303299
-,0.07841290533542633
date,0.0018751410534605384
 and,1.6711236238479614
 accurate,3.293527126312256
.,0.980453372001648
