token,surprisal
 to,2.872222661972046
 the,2.16422438621521
 Opera,17.17150115966797
 database,9.732230186462402
 website,8.61928653717041
",",0.25185713171958923
 Gi,13.745933532714844
ac,3.6208136081695557
omo,0.36545711755752563
 Pu,9.479090690612793
cc,1.2657426595687866
ini,1.290313482284546
's,4.178465366363525
 opera,7.526512622833252
" """,2.5089824199676514
La,5.27274227142334
 Boh,11.871541023254395
è,2.3026483058929443
me,0.09292642772197723
"""",1.3422476053237915
 was,1.7022403478622437
 first,5.788488864898682
 staged,5.969127178192139
 in,0.4627922773361206
 Los,8.987077713012695
 Angeles,0.12801732122898102
",",4.793059349060059
 USA,8.76638412475586
 on,3.7449545860290527
 February,4.436373710632324
 23,4.93248176574707
",",0.12782226502895355
 1910,7.879124641418457
.,1.0532689094543457
 As,7.218617916107178
 of,3.686758518218994
 today,6.7447190284729
",",0.22413255274295807
 it,2.275228977203369
 has,2.730017900466919
 been,1.6909773349761963
 staged,5.12111759185791
 32,11.199036598205566
 times,0.34797346591949463
 in,1.6548253297805786
 total,8.325128555297852
.,1.531266689300537
 However,8.05204963684082
",",0.049419987946748734
 the,2.3789045810699463
 exact,5.8923020362854
 number,3.505474090576172
 may,6.6272711753845215
 vary,0.900973916053772
 depending,3.0667760372161865
 on,0.1727047860622406
 the,1.0570194721221924
 source,6.941921234130859
.,1.5626697540283203
