token,surprisal
n,10.24504280090332
ods,9.771439552307129
 approving,24.21613121032715
ly,6.896103382110596
*,10.857048988342285
 I,8.014175415039062
 like,6.983862400054932
 your,4.933164119720459
 confidence,12.063485145568848
.,3.2254085540771484
 Let,8.22655200958252
's,0.8829324245452881
 make,6.30620813369751
 this,3.0419018268585205
 an,6.2667365074157715
 interesting,6.977743625640869
 battle,8.247119903564453
.,1.3314456939697266
 It,5.888097286224365
's,1.1728401184082031
 going,3.865642547607422
 to,0.07202496379613876
 be,0.3923514783382416
 a,2.3550679683685303
 real,6.305339336395264
 show,7.7065300941467285
!,4.141297817230225
