token,surprisal
urs,12.78684139251709
uing,3.6272199153900146
 a,2.762065887451172
 doctor,10.283401489257812
ate,4.44821834564209
 degree,4.797080039978027
.,6.826423645019531
