token,surprisal
Warning,14.574577331542969
:,1.4628920555114746
 Short,16.842227935791016
 generation,17.950340270996094
],6.478604793548584
 k,15.216512680053711
 is,11.522334098815918
 going,9.099749565124512
 to,0.26868894696235657
 handle,10.018312454223633
 the,3.241617202758789
 outside,13.728325843811035
 perimeter,11.619975090026855
.,3.0011417865753174
"
",2.7188150882720947
``,25.842634201049805
