token,surprisal
Warning,14.574577331542969
:,1.4628920555114746
 Short,16.842227935791016
 generation,17.950340270996094
],6.478604793548584
 ar,14.11784839630127
ness,16.273488998413086
 up,10.415337562561035
 properly,15.294219017028809
 before,7.905323028564453
 proceeding,9.549485206604004
 further,6.169027805328369
.,0.8786740899085999
 Enjoy,14.393075942993164
 your,4.106436252593994
 journey,5.2204179763793945
!,1.987540364265442
``,18.270009994506836
