token,surprisal
 ,10.213690757751465
________________________,6.9006571769714355
__,2.85628604888916
