token,surprisal
'll,9.647321701049805
 tell,4.836522102355957
 you,0.1277228593826294
 why,4.147608280181885
 .,11.44140911102295
 The,8.180601119995117
 sound,11.415265083312988
 of,1.2015470266342163
 a,3.552079200744629
 guitar,8.983925819396973
 and,5.690181255340576
 drum,7.111958980560303
 is,3.4169044494628906
 the,4.169009685516357
 most,3.106034517288208
 exciting,5.864270210266113
 thing,1.1288551092147827
 to,2.8206965923309326
 hear,1.0855062007904053
.,2.0535778999328613
Rock,19.023521423339844
 music,4.6653523445129395
 gives,9.391265869140625
 people,3.975430965423584
 strength,10.458063125610352
 and,1.8463125228881836
 power,6.318973541259766
 which,7.878081321716309
 they,3.245267391204834
 can,1.721601963043213
 use,0.8624953627586365
 for,4.030435562133789
 constructive,11.751105308532715
 purposes,3.779489517211914
 or,5.9321208000183105
 destructive,8.662508010864258
 ones,2.0572702884674072
 depending,11.2128267288208
 on,0.15696100890636444
 the,1.6264854669570923
 singer,10.923977851867676
 .,6.002612113952637
 It,3.6060984134674072
 makes,5.4134016036987305
 them,2.950357437133789
 feel,2.1416609287261963
 strong,5.503206729888916
 and,1.1123981475830078
 confident,4.189357280731201
 with,6.7896809577941895
 themselves,6.219199180603027
 and,1.2335131168365479
 their,2.5380630493164062
 abilities,4.953621864318848
 .,3.991089105606079
