token,surprisal
 are,5.601618766784668
 right,7.829557418823242
 .,9.876192092895508
 I,4.940882205963135
 think,4.58522367477417
 we,3.3953511714935303
 should,2.8258910179138184
 do,4.138539791107178
 that,4.1172943115234375
 today,8.740824699401855
 !,10.820412635803223
 ,8.507352828979492
"

",12.963484764099121
 Where,27.052019119262695
 would,5.936971664428711
 you,0.7801482081413269
 like,0.981494665145874
 to,0.5343024730682373
 go,2.0454795360565186
 for,5.531304836273193
 a,2.098517417907715
 picnic,5.80465030670166
?,2.1770312786102295
 ,3.0778956413269043
"

",1.078599452972412
 How,19.3338680267334
 about,1.6600267887115479
 a,1.3796887397766113
 lake,9.778274536132812
 or,2.4200260639190674
 the,6.654086112976074
 beach,2.760514497756958
 ?,2.4069664478302
 ,1.4636667966842651
"

",0.47270891070365906
 I,5.808017253875732
'd,4.53226375579834
 prefer,6.264999866485596
 going,7.396771430969238
 to,1.843002438545227
 a,2.1777114868164062
 park,3.9440627098083496
 and,4.810291767120361
 having,4.149837970733643
 lunch,6.6668806076049805
 there,5.262644290924072
.,1.5769264698028564
 What,6.620362281799316
 do,3.1827380657196045
 you,0.03157735615968704
 say,5.646998405456543
 ?,2.474703073501587
 ,2.1517550945281982
"

",0.6084330677986145
 Good,10.951396942138672
 idea,5.7515869140625
" ,",5.332527160644531
 I,3.1576032638549805
 love,5.948835849761963
 parks,7.291299343109131
 .,3.3856475353240967
 ,2.947756052017212
"

",1.114315390586853
 Well,10.626375198364258
 let,6.693377494812012
's,0.7623401284217834
 go,2.3608920574188232
 then,8.363163948059082
 !,2.9423320293426514
 ,1.7493414878845215
"

",0.6417934894561768
 Okay,11.444072723388672
",",2.652010679244995
 I,2.978518486022949
 am,5.721458911895752
 ready,5.635690212249756
 when,9.012008666992188
 ever,14.530930519104004
 you,1.3845000267028809
 are,4.145188808441162
 .,2.5659117698669434
