token,surprisal
 was,5.304816722869873
 never,7.723193645477295
 meant,3.970512628555298
 to,0.1303117573261261
 last,8.681593894958496
 .,10.867937088012695
 Their,11.018805503845215
 love,9.640692710876465
 was,3.7032041549682617
 built,7.342691421508789
 on,0.8440527319908142
 a,3.4646835327148438
 shaky,9.146744728088379
 foundation,0.13641288876533508
 .,5.408987522125244
 ,9.624650001525879
"

",13.59067153930664
 They,23.105043411254883
 got,7.1315999031066895
 divorced,6.2414350509643555
 at,5.24971342086792
 last,9.358369827270508
 .,2.8580243587493896
 ,2.301861524581909
"

",1.1447759866714478
 ,10.215712547302246
"

",1.9874001741409302
"
",0.04339829459786415
Back,10.040846824645996
 To,7.45108699798584
 [,10.659775733947754
Main,8.742002487182617
 Page,0.6407694816589355
](,6.723069190979004
../,11.48238754272461
index,6.737452983856201
.,0.21278411149978638
md,12.095834732055664
),0.8325308561325073
"
",2.912692070007324
"
",0.005159320775419474
Reply,8.88465690612793
 [,9.156933784484863
Discuss,12.904268264770508
](,6.023932456970215
https,2.697538375854492
://,0.0045843361876904964
github,5.730170726776123
.,0.000743328477256
com,0.000642412225715816
/,0.0026651816442608833
k,6.483363151550293
ann,9.805118560791016
an,5.609748363494873
-,4.88672399520874
s,5.713922500610352
amp,7.822632789611816
ath,5.736957550048828
/,0.3620900809764862
AI,15.868575096130371
_,3.660224676132202
Chat,10.29324722290039
bot,6.7489848136901855
_,1.6363521814346313
R,7.408882141113281
aj,9.875916481018066
ee,9.820502281188965
v,0.7867909073829651
/,3.360093593597412
disc,12.029975891113281
ussions,2.128929853439331
/,1.338696837425232
167,11.824462890625
),3.353236436843872
