token,surprisal
 Thank,15.483644485473633
 you,0.17134109139442444
 for,1.562048316001892
 your,1.9746994972229004
 understanding,5.935590744018555
.,0.744608998298645
 Have,9.740593910217285
 a,0.11269225925207138
 nice,3.163590431213379
 day,0.387258917093277
 ,10.993083953857422
"!""",2.7103793621063232
