token,surprisal
 ',9.790578842163086
s,2.457552433013916
 been,5.985200881958008
 a,2.521498918533325
 long,2.3382551670074463
 day,6.7257280349731445
 for,1.8830727338790894
 you,6.834665775299072
?,10.12249755859375
