token,surprisal
 my,9.280574798583984
 goodness,5.931971549987793
!,4.547089099884033
 You,4.837111473083496
've,4.373593330383301
 been,3.1581945419311523
 hurt,10.1317720413208
?,7.318033218383789
 Let,7.737486839294434
 me,1.5032954216003418
 help,2.444305658340454
 you,0.30265387892723083
 up,4.8232221603393555
 to,6.819223403930664
 your,3.310821533203125
 bedroom,8.498571395874023
!,3.772722005844116
