token,surprisal
 You,9.699469566345215
 Mr,9.493236541748047
 Chairman,9.513131141662598
