token,surprisal
 Yes,12.832281112670898
",",1.4022988080978394
 sir,4.782914161682129
.,1.194810390472412
 That,6.064709663391113
 makes,8.420600891113281
 sense,1.4553557634353638
.,0.4836169481277466
 ``,11.835732460021973
