token,surprisal
 you,4.683625221252441
 would,6.149023532867432
 only,10.09564208984375
 let,9.635758399963379
 your,3.824162483215332
 guards,10.292298316955566
 down,4.186151504516602
...,8.855779647827148
