token,surprisal
W,9.417266845703125
],2.566922187805176
e,1.3140006065368652
 must,5.745995998382568
 move,9.021080017089844
 quickly,4.685074806213379
 and,2.8280978202819824
 quietly,8.68229866027832
 so,6.5346574783325195
 as,1.680754542350769
 to,1.2011698484420776
 not,3.8851864337921143
 alert,10.139111518859863
 any,4.278458118438721
 enemies,8.189017295837402
