token,surprisal
 Then,13.902973175048828
 I,4.143104076385498
'll,4.985672950744629
 wait,8.01181411743164
 for,1.9470739364624023
 your,5.587172985076904
 call,6.6602582931518555
 .,9.401741027832031
" """,5.492894649505615
"
",2.9743733406066895
"
",0.026836492121219635
"""",2.8551743030548096
 OK,9.946070671081543
" ,",4.779816150665283
 then,3.378156900405884
 goodbye,12.601409912109375
 .,3.305816411972046
" """,0.824459433555603
"

",6.809281826019287
"

",16.434682846069336
