token,surprisal
 thank,14.783798217773438
 you,0.2012365311384201
",",2.274411916732788
 I,4.669294357299805
 think,5.683852195739746
 I,2.5714235305786133
 should,5.124718189239502
 get,5.019500255584717
 back,3.6609673500061035
 home,6.132896900177002
 soon,7.052172660827637
.,1.475878119468689
 I,2.128727912902832
 have,4.811569690704346
 some,5.078256130218506
 err,10.945090293884277
ands,0.1618996262550354
 to,1.2040305137634277
 run,4.463027000427246
.,2.515265464782715
 I,1.9793816804885864
 will,4.477842807769775
 see,4.175717830657959
 you,0.14181093871593475
 at,3.5377161502838135
 the,1.885212779045105
 next,6.296236515045166
 one,7.3393144607543945
 though,8.993167877197266
.,1.3218743801116943
"
",2.5680558681488037
"
",0.11430548876523972
###,13.432483673095703
 Result,15.687955856323242
:,1.6925714015960693
"
",2.3064141273498535
100,27.06399154663086
%,0.9997943043708801
 (,7.104365348815918
correct,11.28005599975586
),2.237365245819092
"
",1.301521897315979
"
",0.0003403078007977456
###,3.4030580520629883
 Diagn,14.758984565734863
ose,4.458805084228516
:,1.5500257015228271
"
",1.0074154138565063
This,26.248727798461914
 dialogue,13.731581687927246
 is,2.1340320110321045
 fairly,10.159125328063965
 simple,4.178513526916504
 in,6.45876932144165
 terms,3.2367920875549316
 of,0.004006131552159786
 syntax,8.694972038269043
",",2.174107313156128
 structure,8.387990951538086
 and,1.981434941291809
 style,6.459928035736084
.,0.510673463344574
 The,3.203726053237915
 response,11.721388816833496
 seems,7.283543586730957
 a,6.167491436004639
 bit,0.8063601851463318
 abrupt,8.77814769744873
 and,2.5319766998291016
 could,8.756246566772461
 use,7.983608722686768
 additional,9.099797248840332
 sentences,10.994032859802246
 to,2.3180062770843506
 be,6.376101016998291
 more,3.1013967990875244
 polite,11.62695598602295
.,0.9212574362754822
 Overall,9.03585433959961
 this,5.214421272277832
 response,7.681961536407471
 is,1.4050981998443604
 correct,9.1544189453125
.,1.8623205423355103
