token,surprisal
 What,12.006331443786621
 are,4.9043049812316895
 we,4.943405628204346
 going,2.2778022289276123
 to,0.022931931540369987
 do,0.19153714179992676
 next,5.344308853149414
 ,14.280078887939453
"?""",0.29917478561401367
