token,surprisal
 Oh,14.540172576904297
" ,",9.804155349731445
 and,6.054278373718262
 just,7.515603542327881
 one,7.003740310668945
 more,0.8188623189926147
 thing,1.3032934665679932
 ...,7.006912708282471
