token,surprisal
 is,4.613132953643799
 the,2.4815573692321777
 next,8.00755500793457
 turn,11.391437530517578
 in,3.3268704414367676
 this,4.115234375
 dialog,13.347647666931152
?,0.4173802137374878
