token,surprisal
"
",0.9579930305480957
"
",12.595173835754395
"""",5.157416343688965
 Oh,14.841109275817871
",",1.4561336040496826
 that,4.725666046142578
's,1.0487558841705322
 really,5.589270114898682
 great,5.474131107330322
 for,7.6982197761535645
 you,2.523608922958374
 ,12.502342224121094
"!""",0.6181201934814453
