token,surprisal
 You,10.778508186340332
're,3.695863962173462
 welcome,6.376495838165283
 .,8.715324401855469
 Have,10.349074363708496
 a,1.4705004692077637
 good,2.232534408569336
 day,1.2194749116897583
 .,2.3570992946624756
 Bye,7.362919330596924
-,6.2391839027404785
bye,0.051166631281375885
 .,1.8921048641204834
" """,5.607690334320068
