token,surprisal
!,9.279577255249023
 This,5.477985858917236
 is,1.3280712366104126
 what,5.288568496704102
 you,3.2535805702209473
 need,3.0274908542633057
 for,4.456262588500977
 this,5.196339130401611
 season,8.153895378112793
.,2.1123478412628174
 You,4.709873199462891
 can,2.497084617614746
 have,5.798007011413574
 a,2.877195358276367
 nice,6.353490352630615
 look,8.24211311340332
 wearing,15.195072174072266
 this,2.506727457046509
 product,10.236712455749512
",",3.5357108116149902
 thanks,11.564287185668945
 to,1.8368427753448486
 its,5.294256210327148
 stylish,9.203476905822754
 design,2.553847312927246
 and,1.810691237449646
 modern,9.979510307312012
 features,4.876275062561035
.,0.3792613446712494
 Let,9.099137306213379
 us,2.4905200004577637
 know,0.13066060841083527
 if,2.567429542541504
 you,0.24943570792675018
 need,5.529882907867432
 something,4.411701679229736
 else,5.508646488189697
",",4.1618266105651855
 we,2.5336263179779053
 will,3.0013134479522705
 be,3.1652708053588867
 glad,4.046550273895264
 to,0.02482418902218342
 assist,5.8802409172058105
 you,0.431731641292572
.,1.236917495727539
 Thanks,7.247401237487793
 for,1.8286434412002563
 shopping,3.1340138912200928
 with,2.8423385620117188
 us,0.4164471924304962
!,1.52911376953125
