token,surprisal
 edited,14.94950008392334
:,10.513997077941895
