token,surprisal
23,10.898141860961914
-,5.0547590255737305
11,6.13392972946167
-,1.9826440811157227
15,4.910545349121094
"

",7.9312968254089355
