file_name,total_texts,exceeding_threshold,percentage_exceeding,min_tokens,mean_tokens,median_tokens,max_tokens,90th_percentile,95th_percentile,99th_percentile,range_0-256,range_0-256_pct,range_257-512,range_257-512_pct,range_513-768,range_513-768_pct,range_769-1024,range_769-1024_pct,range_1025-1536,range_1025-1536_pct,range_1537-2048,range_1537-2048_pct,range_2048+,range_2048+_pct
cnn_dailymail_consolidated,2400,476,19.833333333333332,2,569.0916666666667,300,2185,1784.1,1831.0499999999997,1927.0099999999998,1029,42.875,663,27.625,166,6.916666666666667,66,2.75,46,1.9166666666666665,424,17.666666666666668,6,0.25
daily_dialog_consolidated,2400,137,5.708333333333333,0,274.89625,99,6915,644.0999999999999,1173.6999999999962,2434.709999999983,1759,73.29166666666667,301,12.541666666666668,101,4.208333333333333,68,2.833333333333333,41,1.7083333333333333,54,2.25,42,1.7500000000000002
WildChat_consolidated,2400,368,15.333333333333332,0,507.40875,153,7917,1578.1999999999998,2227.8499999999954,4241.819999999981,522,21.75,355,14.791666666666666,184,7.666666666666666,116,4.833333333333333,124,5.166666666666667,102,4.25,142,5.916666666666667
writingprompts_consolidated,2353,580,24.649383765405865,0,666.4156396090098,368,3440,1893.0,1934.0,2028.48,907,38.546536336591586,526,22.354441138971527,229,9.732256693582661,107,4.547386315342116,108,4.589885252868679,454,19.294517637059077,18,0.764980875478113
