token,surprisal
 am,9.161635398864746
 so,5.4276533126831055
 glad,3.472599983215332
 to,2.0281853675842285
 hear,3.1064417362213135
 that,1.2672374248504639
.,5.7466139793396
