token,surprisal
 me,9.383339881896973
 write,8.374323844909668
 the,4.801405906677246
 next,4.659784317016602
 turn,12.90206241607666
 in,4.391567230224609
 this,3.8082094192504883
 dialog,12.061630249023438
 with,6.959543704986572
 no,7.287447452545166
 explanation,7.790050983428955
 or,3.9655613899230957
 format,13.215548515319824
 changes,7.513906955718994
.,0.957531213760376
 ,8.85463809967041
"
",7.793880939483643
"
",0.23553280532360077
"""",6.284020900726318
Would,10.533090591430664
 you,0.7628785967826843
 like,0.7374175190925598
 cream,16.56121253967285
 with,6.690701961517334
 that,7.554267883300781
 ?,10.500650405883789
" """,2.863419532775879
"
",0.8335524797439575
"
",0.0004199567483738065
"""",0.8929955959320068
 Yes,4.00455904006958
 please,6.451394557952881
 .,7.2735090255737305
" """,1.4584980010986328
