token,surprisal
 I,7.06083869934082
 was,4.6479926109313965
 just,5.175910949707031
 kidding,7.378232955932617
.,1.2107571363449097
" """,5.869771957397461
