token,surprisal
 Ranch,19.949796676635742
 dressing,15.439194679260254
 would,8.766386985778809
 be,1.664162039756775
 fine,7.2455010414123535
".""",8.159720420837402
