token,surprisal
 they,7.1231689453125
 didn,5.3590898513793945
't,0.0008794433088041842
",",6.023849010467529
 so,5.068162441253662
 they,2.662414789199829
 did,5.697790145874023
 not,3.7122111320495605
 hear,9.278243064880371
 it,3.563936710357666
.,1.236043930053711
"

",6.425102710723877
