token,surprisal
 spectators,17.16582679748535
 were,3.3365330696105957
 there,7.352738380432129
 to,1.2356234788894653
 observe,6.858198642730713
 and,3.948941707611084
 take,7.113681316375732
 pictures,3.3213112354278564
",",2.913792133331299
 they,6.964812278747559
 weren,6.302894592285156
't,0.0007099470822140574
 harmed,13.607819557189941
 during,7.375304222106934
 the,0.4414188265800476
 event,4.1103034019470215
.,1.2864927053451538
"
",1.269347906112671
