token,surprisal
`,8.756803512573242
javascript,16.503326416015625
"
",6.935075759887695
console,32.81541061401367
.,0.2652100920677185
log,0.012257619760930538
(',1.3994925022125244
Dead,15.00927734375
 Neighbor,17.454927444458008
');,3.2509448528289795
"
",1.5159039497375488
``,10.214574813842773
`,0.015475757420063019
