token,surprisal
 the,3.562628984451294
 1,11.892027854919434
st,3.407881736755371
 question,11.482891082763672
 and,5.8915228843688965
 the,3.0550179481506348
 2,3.6295509338378906
nd,0.014075828716158867
 as,11.0320463180542
 hint,17.503257751464844
 makes,14.135086059570312
 the,3.4900803565979004
 3,7.4386420249938965
rd,0.25204533338546753
 question,2.5252773761749268
 too,7.2681965827941895
 easy,3.2034835815429688
.,1.662192463874817
"
",2.2191720008850098
