token,surprisal
By,9.539443969726562
 .,12.82989501953125
 Sh,13.221620559692383
ari,7.7004313468933105
 Miller,11.134718894958496
 .,5.548901557922363
 PU,18.231557846069336
BL,0.39218321442604065
ISH,1.281370997428894
ED,0.41087132692337036
:,7.30073356628418
 .,10.767827987670898
 09,10.2440767288208
:,6.94455099105835
45,5.41172456741333
 EST,4.070182800292969
",",1.9720550775527954
 21,6.806190490722656
 January,4.989277362823486
 2013,4.241591453552246
 .,1.5622903108596802
 |,13.229593276977539
 .,5.772330284118652
 U,11.233037948608398
PDATED,1.5602577924728394
:,0.9393461346626282
 .,1.3098397254943848
 17,5.949133396148682
:,0.15582314133644104
41,6.934262752532959
 EST,0.4128468334674835
",",0.05722743645310402
 26,5.472177505493164
 March,4.202515125274658
 2018,10.963560104370117
 .,0.12802362442016602
"

",4.866453647613525
