token,surprisal
://,4.927252769470215
twitter,3.802083730697632
.,0.0019156101625412703
com,0.0003422000736463815
/,0.08085088431835175
mr,10.43956184387207
mart,10.773205757141113
ins,4.277174472808838
/,3.113694429397583
status,0.007962976582348347
/,0.0009993932908400893
15,8.792315483093262
209,10.710358619689941
67,6.18768835067749
487,10.49200439453125
23,5.863292694091797
75,6.0576982498168945
50,6.998826026916504
720,10.648934364318848
