token,surprisal
'm,7.907527446746826
 not,2.631096839904785
 sure,2.1340012550354004
 about,5.156768798828125
 that,3.1949257850646973
"
",10.456682205200195
