token,surprisal
J,8.746661186218262
eb,7.2356276512146
 Bush,0.30578431487083435
 31,14.901443481445312
%,4.9429097175598145
"
",3.055136203765869
"
",0.0005456321523524821
Marco,5.064444065093994
 Rubio,0.0006960096652619541
 29,4.1907639503479
%,0.013979097828269005
"
",0.03989878669381142
