token,surprisal
 story,9.959153175354004
 should,9.183253288269043
 be,1.2188853025436401
 changed,10.399090766906738
 to,1.4889358282089233
 make,4.216587543487549
 the,2.904372215270996
 first,9.063172340393066
 sentence,4.645531177520752
 better,7.355400562286377
.,1.724351167678833
"
",1.5337975025177002
