token,surprisal
I,6.204752445220947
 am,5.01805305480957
 the,5.760529518127441
 driver,10.68885326385498
's,8.030007362365723
 estranged,17.34100341796875
 wife,1.7331750392913818
.,1.896182894706726
"

",7.219120025634766
