token,surprisal
You,8.458456993103027
 can,1.704578161239624
 buy,7.24282693862915
 a,3.127418041229248
 gift,8.912186622619629
 on,8.286038398742676
 every,11.458331108093262
 day,4.506737232208252
 but,7.220315933227539
 Christmas,9.510915756225586
 eve,9.65906047821045
 and,5.3814921379089355
 Valentine,8.42635440826416
's,0.027499208226799965
 Day,0.15811072289943695
.,2.1707546710968018
"
",1.6924272775650024
