token,surprisal
[,8.168431282043457
!,13.485610008239746
[,2.7054343223571777
](,4.100863933563232
https,5.098957538604736
://,0.02224825508892536
img,7.664560794830322
.,0.7500692009925842
shield,5.91758918762207
s,2.75842547416687
.,0.731434166431427
io,3.948665142059326
/,0.31825897097587585
static,7.252429485321045
/,0.387771874666214
v,8.09575080871582
1,1.4985531568527222
?,11.354108810424805
label,13.007903099060059
=,0.20511388778686523
Job,14.72604751586914
&,4.9089579582214355
message,10.544757843017578
=,0.09005831182003021
Ruby,15.708897590637207
ist,17.290496826171875
&,2.706740617752075
color,6.470239639282227
=,0.07596887648105621
blue,6.892519950866699
&,1.177158236503601
log,9.415016174316406
o,0.39557990431785583
=,0.2427288293838501
github,10.958013534545898
)],14.574111938476562
(,5.2149152755737305
https,0.6087419986724854
://,0.001012817258015275
github,3.2043426036834717
.,0.001997929299250245
com,0.0018399253021925688
/,0.00967673771083355
Joshua,16.1862735748291
G,5.798137187957764
ard,6.185365200042725
ner,0.19154933094978333
),5.754997253417969
