token,surprisal
CNN,14.5440673828125
),0.13504773378372192
 --,3.5457863807678223
 A,2.8489460945129395
 rebel,12.865218162536621
 group,0.9924463629722595
 in,2.6240994930267334
 the,4.047491073608398
 Democratic,6.377192497253418
 Republic,0.11216619610786438
 of,0.002722817473113537
 Congo,0.33526259660720825
 killed,7.380842685699463
 at,2.416516065597534
 least,7.859821198508143e-05
 321,15.388323783874512
 civilians,4.294724941253662
 and,2.8972558975219727
 abducted,8.146021842956543
 250,7.92955207824707
 others,1.1692665815353394
 -,10.160938262939453
 including,1.776362657546997
 at,4.0522780418396
 least,0.0002198105794377625
 80,6.543098449707031
 children,0.5488419532775879
 -,0.7603064775466919
 in,1.829548954963684
 a,1.684110164642334
 previously,14.331685066223145
 unre,4.219594478607178
ported,0.009641936980187893
 rampage,11.481035232543945
 late,7.397693634033203
 last,3.747990608215332
 year,1.685186505317688
",",0.6233518123626709
 Human,7.227217197418213
 Rights,0.007338212803006172
 Watch,0.005038851872086525
 said,0.12510821223258972
 in,5.709403991699219
 a,0.22215165197849274
 report,0.48578861355781555
 released,2.0669467449188232
 Saturday,5.2210307121276855
.,0.05129075050354004
"
",0.1429276466369629
"
",0.00025206260033883154
---,16.2550106048584
