token,surprisal
Sadly,15.597795486450195
",",0.3683561086654663
 I,4.394006252288818
 don,3.5673792362213135
't,0.0007716345135122538
 know,2.5252954959869385
 this,8.283259391784668
 one,4.2581377029418945
.,1.3318052291870117
 Can,10.155576705932617
 you,1.4019330739974976
 help,4.968939304351807
 me,0.438380628824234
 out,1.7780569791793823
?,0.9630342721939087
"
",1.305510401725769
