token,surprisal
pre,11.689441680908203
>,2.216336488723755
"
",3.512899160385132
Because,24.223072052001953
 Gu,13.259174346923828
iller,9.738019943237305
mo,0.0010325232287868857
 O,10.436684608459473
cho,1.0099503993988037
a,0.0049498011358082294
's,3.6725168228149414
 wife,8.602482795715332
 is,3.0275309085845947
 from,5.737736225128174
 Marse,14.075362205505371
ille,0.46298617124557495
!,11.302600860595703
"
",1.5122047662734985
</,10.0120849609375
pre,0.05354094132781029
>,0.1294384002685547
"

",5.259353160858154
