token,surprisal
Screenshot,16.09572410583496
](,3.122201681137085
./,17.202062606811523
s,8.271551132202148
olutions,12.4340238571167
/,1.0479766130447388
Day,13.918636322021484
_,4.319815635681152
15,10.27757453918457
/,2.908087968826294
answer,11.980216979980469
.,2.3565468788146973
png,0.5772567391395569
),1.019357681274414
