token,surprisal
 believe,9.992667198181152
 that,2.193065643310547
 the,2.8975629806518555
 judge,11.646629333496094
 was,4.531877517700195
 right,4.501963138580322
 when,4.548380374908447
 he,0.22818876802921295
 said,0.7336642146110535
 that,1.3084162473678589
 millions,12.887680053710938
 of,0.26911696791648865
 cricket,18.02200698852539
 fan,8.195226669311523
 will,6.473303318023682
 never,5.0884246826171875
 again,6.93304443359375
 trust,8.393653869628906
 the,2.465883255004883
 game,4.983604431152344
 due,8.699774742126465
 to,0.016329726204276085
 the,1.722906470298767
 match,11.006144523620605
 fixing,5.715444087982178
 scandal,3.4387426376342773
",",3.8986916542053223
 but,2.08754563331604
 not,7.174957275390625
 because,4.573732376098633
 he,3.5563364028930664
 did,5.149938106536865
 not,0.41759979724884033
 want,3.6814656257629395
 to,0.8675983548164368
 trust,9.39269733428955
 the,0.9607093930244446
 game,2.2352757453918457
.,1.5149308443069458
 He,3.7135775089263916
 is,4.346463203430176
 saying,6.7473859786987305
 this,6.111334800720215
 because,1.4582256078720093
 he,1.0795246362686157
 can,7.0253825187683105
 see,3.6859261989593506
 how,3.171412944793701
 big,6.992040157318115
 the,2.117648124694824
 problem,1.972989797592163
 is,0.4531513452529907
 and,2.5520217418670654
 also,6.311959266662598
 what,7.659769058227539
 happened,8.166199684143066
 in,2.30232834815979
 the,1.4499092102050781
 past,2.894068956375122
 where,7.233196258544922
 some,5.699702262878418
 players,3.717397689819336
 were,2.0854618549346924
 involved,5.9206037521362305
 in,1.026454210281372
 match,6.6003336906433105
 fixing,0.0933690071105957
 scandals,4.773162841796875
.,0.8284472227096558
"

",5.697254180908203
