token,surprisal
 is,4.445995807647705
 the,2.9575347900390625
 first,3.8778300285339355
 time,1.5948244333267212
 a,4.16812801361084
 flood,13.78378963470459
 has,3.002490758895874
 affected,5.1677021980285645
 the,2.0708324909210205
 area,3.952793836593628
.,2.4680960178375244
