token,surprisal
`,8.756803512573242
python,13.781301498413086
"
",6.006946563720703
>>>,26.944547653198242
 print,4.068610191345215
"(""",3.649388074874878
I,6.982670783996582
 did,6.93272066116333
 it,3.0329134464263916
"!""",2.046482563018799
),0.36636781692504883
