token,surprisal
 [,8.5849609375
No,10.16596508026123
 response,8.15446949005127
 from,3.6860952377319336
 Ryan,11.184426307678223
 G,9.673210144042969
orman,5.516269683837891
 needed,15.301332473754883
.],1.986546516418457
"
",1.5211044549942017
####,23.37386131286621
#,1.9261243343353271
"
",2.3165719509124756
