token,surprisal
 matches,14.333696365356445
 found,5.43770694732666
 for,2.477252244949341
 this,1.7485772371292114
 request,12.552779197692871
.,0.8721723556518555
"
",1.1639827489852905
