token,surprisal
"""",5.2962822914123535
R,9.541654586791992
olf,9.500505447387695
 Harris,8.790719032287598
 grop,16.98300552368164
es,6.518680095672607
 radio,16.014738082885742
 reporter,2.9489428997039795
",",4.059322834014893
 52,12.96445369720459
 years,5.1445183753967285
 ago,4.179465293884277
"!""",6.12949275970459
