token,surprisal
 @,11.696682929992676
Joshua,12.2578125
Bow,10.034708023071289
den,3.513796329498291
" ,",8.524517059326172
 @,2.8416547775268555
N,7.46566915512085
am,8.025886535644531
ita,9.481017112731934
" ,",7.34502649307251
 @,0.1901359260082245
Krist,9.135664939880371
in,2.8828020095825195
Ray,11.37032699584961
mond,5.26519775390625
"
",4.28572416305542
