token,surprisal
 [,11.00497817993164
 ],7.856996059417725
 Correct,18.260910034179688
.,3.9737348556518555
 ,9.141407012939453
"
",9.550728797912598
-,12.554683685302734
 [,2.345184326171875
X,8.914762496948242
],1.008263111114502
 Inc,11.822595596313477
orrect,0.09690378606319427
.,0.7674893140792847
 ,1.0467326641082764
