token,surprisal
We,7.718964576721191
 are,3.7704386711120605
 working,5.798966884613037
 on,1.6679542064666748
 this,4.372225284576416
 problem,8.090723037719727
 currently,11.269461631774902
.,1.8449981212615967
"
",2.51229190826416
