token,surprisal
Warning,14.574562072753906
:,1.4629170894622803
 Short,16.842222213745117
 generation,17.950401306152344
],6.478496551513672
 ,13.49190616607666
"
",14.97917366027832
