token,surprisal
 think,8.413959503173828
 we,3.6970088481903076
 can,3.9410390853881836
 all,2.988642692565918
 agree,0.35691505670547485
 that,0.579147219657898
 this,4.067645072937012
 is,1.528580665588379
 very,6.5716681480407715
 good,5.824770927429199
"
",13.195897102355957
