token,surprisal
 1,8.634712219238281
.,2.752702236175537
 0,9.750322341918945
.,0.8652609586715698
34,9.290164947509766
25,9.934803009033203
39,8.306289672851562
68,7.803884983062744
86,8.667203903198242
000000,11.748448371887207
4,6.319128513336182
