token,surprisal
`,8.756803512573242
"
",3.9199318885803223
100,22.283916473388672
%,3.762221097946167
 (,6.4267168045043945
35,10.746247291564941
/,5.410375595092773
35,3.5858888626098633
 tests,16.257732391357422
),1.0112195014953613
"
",1.4494614601135254
``,11.072033882141113
`,0.041843101382255554
