token,surprisal
`,8.756803512573242
"
",3.9199318885803223
[,15.378589630126953
1,5.275177955627441
00000000,14.382532119750977
1,7.919917583465576
],2.3070340156555176
"
",2.0955262184143066
``,9.725374221801758
`,0.04353051632642746
"
",1.5545916557312012
