token,surprisal
 [,11.00497817993164
 ],7.856996059417725
 It,12.28433895111084
 is,2.1225197315216064
 not,3.723724603652954
 clear,4.562152862548828
 how,3.0170724391937256
 the,3.08471941947937
 sentence,9.89413833618164
 would,4.735484600067139
 be,1.654700517654419
 interpreted,2.91738224029541
 by,3.7041873931884766
 an,4.9942450523376465
 AI,10.598502159118652
"

",13.414301872253418
