token,surprisal
[,10.989971160888672
](,7.422873497009277
./,10.79269027709961
Images,14.357379913330078
/,0.33478206396102905
Brazil,15.403409004211426
_,3.6579394340515137
Cool,14.090340614318848
ing,4.810247898101807
Break,16.59112548828125
.,2.639425277709961
jpg,1.0867807865142822
),1.1862220764160156
