token,surprisal
I,6.204752445220947
 think,4.757960319519043
 Russia,13.790295600891113
 is,2.109407424926758
 being,7.247182846069336
 overly,6.800898551940918
 cautious,2.6556336879730225
 with,3.6449201107025146
 this,4.617692947387695
 whole,7.089027404785156
 situation,3.6233487129211426
.,1.380738377571106
"
",3.0712966918945312
