token,surprisal
!,10.162626266479492
[,4.442592144012451
image,9.98090648651123
](,5.47647762298584
https,1.0946247577667236
://,0.017644530162215233
user,12.48124885559082
-,6.255289554595947
images,6.604598045349121
.,0.04198695719242096
github,5.626140117645264
usercontent,1.835075855255127
.,0.0010826069628819823
com,0.0013704064767807722
/,0.028478723019361496
910,17.675617218017578
57,7.985502243041992
432,13.949183464050293
/,0.05595679581165314
168,11.766396522521973
49,6.545841217041016
34,6.975270748138428
30,7.095916271209717
-,5.18568229675293
a,7.247375965118408
8,5.880095481872559
eb,7.311084747314453
d,4.617269039154053
7,4.649078369140625
e,3.762146472930908
1,5.172064781188965
-,3.025749444961548
2,6.360028266906738
b,3.270709753036499
06,7.802155017852783
-,0.9865781664848328
4,6.031601905822754
f,3.559339761734009
de,8.537190437316895
-,2.040761947631836
b,4.104902267456055
ac,8.729713439941406
0,4.677187919616699
-,7.260860443115234
b,4.780579566955566
fc,8.92650032043457
af,8.157602310180664
ee,8.688634872436523
42,8.547945976257324
c,3.3790955543518066
54,8.20255184173584
.,2.202575922012329
png,0.9643982648849487
),0.2736472189426422
"
",1.4721473455429077
"
",0.0021492333617061377
###,13.021740913391113
 Solution,13.911624908447266
:,3.203200340270996
