token,surprisal
|,10.580883026123047
 ,11.295620918273926
 ,8.307746887207031
 ,3.4178314208984375
 ,1.7580386400222778
 Instruction,15.491809844970703
 |,4.555655479431152
 ,3.874988555908203
 ,0.914751410484314
 ,0.22659695148468018
 ,0.3066677749156952
 Response,12.275296211242676
 ,6.39626407623291
 ,0.4064417779445648
 ,0.31380224227905273
 ,0.35331615805625916
 |,4.114471912384033
"
",5.287463665008545
|,14.358428001403809
 ,0.8871068358421326
--------------,14.8502836227417
 |,3.436474323272705
 ----------------,7.185000896453857
-,3.3129630088806152
 |,0.650391697883606
"
",6.3658952713012695
|,5.688691139221191
 Imagine,19.328184127807617
 the,4.085091590881348
 thank,17.759105682373047
less,2.624359607696533
 task,1.9916589260101318
 |,10.0299072265625
 Imagine,12.831962585449219
 the,0.8309163451194763
 thank,4.00077486038208
less,0.00796263013035059
 task,0.1272278130054474
 of,10.465039253234863
 being,6.400701999664307
 an,5.574615001678467
 electric,8.731890678405762
ian,0.5454708933830261
 in,4.407093048095703
 India,8.680644989013672
 when,8.366800308227539
 there,6.724667072296143
 is,1.465064525604248
 a,2.0926358699798584
 power,5.083338260650635
 cut,6.986217498779297
.,2.8217835426330566
 This,5.524622917175293
 Indian,13.362862586975098
 electric,2.8622729778289795
ian,0.0723644345998764
 is,2.582665205001831
 holding,10.260672569274902
 on,5.167091369628906
 to,0.3468214273452759
 his,2.0272064208984375
 flashlight,10.955864906311035
 while,4.175682067871094
 he,3.2795052528381348
 waits,5.631999969482422
 for,0.42836064100265503
 the,1.3456450700759888
 light,6.4735331535339355
 to,0.5117368102073669
 come,1.818448543548584
 back,2.786367177963257
 on,1.7203373908996582
.,0.6714814901351929
 |,3.2751901149749756
 ,3.8665056228637695
"
",7.429352283477783
