token,surprisal
`,8.756803512573242
python,13.781301498413086
3,3.0416464805603027
"
",6.898528575897217
def,25.878175735473633
 solution,16.6986141204834
():,3.256579875946045
"
",2.664433479309082
 ,16.115440368652344
 ,9.173742294311523
 ,3.8887109756469727
 print,10.771618843078613
(',5.601161003112793
F,8.432206153869629
ifty,8.172882080078125
 years,7.489303112030029
 ago,0.6391257047653198
 this,4.468356132507324
 month,9.339522361755371
...,6.9665093421936035
'),1.496543526649475
"

",9.191503524780273
 ,16.330245971679688
 ,1.624025583267212
 ,3.2849886417388916
 return,4.208059787750244
 None,7.932129383087158
"
",1.5574105978012085
``,6.399436950683594
`,0.023575548082590103
