token,surprisal
A,6.373444080352783
.,7.392507553100586
 (,7.573835372924805
CNN,11.07952880859375
),0.2671132981777191
 --,2.8713207244873047
 Roma,17.93875503540039
 moved,11.531197547912598
 up,6.860744476318359
 to,2.115044593811035
 sixth,9.886241912841797
 place,1.6165319681167603
 in,0.9086198210716248
 the,0.792308509349823
 Serie,10.981964111328125
 A,0.030084805563092232
 table,3.8334739208221436
 after,2.471832752227783
 a,3.189405918121338
 1,5.945711135864258
-,0.04271344467997551
0,0.7761903405189514
 victory,2.226487159729004
 in,4.586462020874023
 the,3.077956199645996
 Rome,9.793448448181152
 ',13.966667175292969
der,10.589533805847168
by,3.394695281982422
',0.31756600737571716
 against,6.033728122711182
 city,14.939680099487305
 rivals,0.1562996357679367
 Laz,4.2562103271484375
io,0.00019091337162535638
.,1.3432537317276
"
",0.20592637360095978
