token,surprisal
 have,5.902278423309326
 found,2.7097513675689697
 evidence,5.603171348571777
 of,1.7446930408477783
 ice,11.811097145080566
 deposits,8.586137771606445
 in,1.7254492044448853
 cr,12.562183380126953
aters,0.04233235493302345
 near,4.572827339172363
 the,1.7090489864349365
 south,7.697821617126465
 pole,0.9395644664764404
 of,1.9430869817733765
 our,7.6631293296813965
 natural,13.618144035339355
 satellite,5.9773783683776855
",",2.1689398288726807
 according,9.106194496154785
 to,0.0014922049595043063
 data,8.871978759765625
 from,1.4722708463668823
 NASA,1.8385452032089233
's,0.24984516203403473
 Gravity,8.065470695495605
 Recovery,0.038812022656202316
 And,10.282904624938965
 Interior,6.176163196563721
 Laboratory,1.6216833591461182
 (,1.531348705291748
G,2.4756643772125244
RA,1.1273934841156006
IL,0.31624674797058105
),1.6330541372299194
 mission,3.5002918243408203
.,0.37135109305381775
"
",0.8148733973503113
"
",0.0004370741080492735
https,14.959076881408691
://,0.0001878172770375386
www,0.535001277923584
.,0.0005187929491512477
the,11.203523635864258
guard,0.15759584307670593
ian,4.5920100092189386e-05
.,0.000558277708478272
com,0.002026948845013976
/,0.001889003673568368
science,0.3470247685909271
/,0.5950992107391357
2015,3.205226421356201
/,0.0021727443672716618
j,3.407421350479126
ul,0.0063319155015051365
/,0.00378945074044168
30,5.362984657287598
/,0.0028177620843052864
scient,5.399753570556641
ists,0.28207334876060486
-,0.005349709652364254
cl,12.322234153747559
oser,7.149648189544678
-,0.06594069302082062
to,0.6267873048782349
-,0.0018112539546564221
finding,12.883768081665039
-,0.006795017048716545
water,8.17937183380127
-,0.15255874395370483
on,5.2573771476745605
-,0.006190967280417681
the,2.9161527156829834
-,0.013665507547557354
moon,6.515162944793701
