token,surprisal
 wife,13.449972152709961
 of,0.9638102650642395
 a,2.1711745262145996
 Georgia,11.094891548156738
 police,5.538290023803711
 chief,4.851034164428711
 was,4.15183162689209
 killed,3.141559362411499
 by,3.6418263912200928
 her,3.2427146434783936
 husband,1.5611573457717896
 on,4.898706912994385
 New,7.7815446853637695
 Years,6.458010196685791
 Day,2.0071229934692383
 2018,12.959924697875977
.,1.0091959238052368
"
",1.6144928932189941
