token,surprisal
1,7.007556438446045
.,1.5909923315048218
 By,10.358341217041016
 [,13.812051773071289
B,8.130239486694336
ian,10.300137519836426
ca,0.5655678510665894
 London,13.619050979614258
],1.6039189100265503
 (,3.871171236038208
20,8.59401798248291
21,7.096258640289307
),1.6331522464752197
