token,surprisal
-,6.470573902130127
 Solution,14.277277946472168
 for,4.385718822479248
 `,12.739715576171875
part,11.667673110961914
ner,4.7506513595581055
_,4.123156547546387
tax,12.030132293701172
`,3.2165517807006836
 is,5.332120895385742
:,6.734888076782227
"
",1.6062654256820679
 ,19.442472457885742
 ,9.839598655700684
 ,5.155215263366699
 -,3.9243369102478027
 6,15.30562973022461
13,9.59811019897461
"
",4.82572603225708
