token,surprisal
`,8.756803512573242
python,13.781301498413086
"
",6.006946563720703
def,26.284971237182617
 solution,16.585142135620117
():,3.467979669570923
"
",2.797894239425659
 ,17.459991455078125
 ,9.148520469665527
 ,3.7606754302978516
 pass,14.968916893005371
"
",0.6190361976623535
``,8.871942520141602
`,0.019815698266029358
