token,surprisal
 [,11.00497817993164
Anna,14.477149963378906
](,6.717538833618164
https,3.7478740215301514
://,0.0027015376836061478
github,7.057512283325195
.,0.0013339980505406857
com,0.0007938322960399091
/,0.0017191305523738265
anna,13.304142951965332
465,15.17878246307373
),7.4846320152282715
 :,7.5398664474487305
 [,4.432739734649658
!,13.823373794555664
[,3.5864651203155518
fort,16.818958282470703
he,6.074134349822998
bad,11.5625581741333
ge,2.184551954269409
](,1.6346787214279175
http,3.1017675399780273
://,0.002083267318084836
fort,3.4979488849639893
he,0.050160378217697144
bad,0.039533376693725586
ge,0.0013410558458417654
.,0.09143631905317307
com,3.2114477157592773
/,1.4002429246902466
images,11.189692497253418
/,0.27225983142852783
bad,8.679784774780273
ges,3.704176664352417
/,0.48755598068237305
made,12.936479568481445
-,0.9659941792488098
with,4.870315074920654
-,0.14983996748924255
python,7.458217620849609
.,2.2952182292938232
sv,7.678700923919678
g,0.023905901238322258
)],3.1549806594848633
(,5.935807228088379
http,1.9495223760604858
://,0.0033834234345704317
fort,1.2829561233520508
he,0.005246227141469717
bad,0.00349427224136889
ge,0.0007068498525768518
.,0.012320670299232006
com,0.023581579327583313
" """,15.869573593139648
Fort,10.637598991394043
he,0.22541329264640808
Bad,1.715777039527893
ge,0.0044805631041526794
""")",2.424955129623413
 ,10.900397300720215
"
",9.504193305969238
"
",0.006918052211403847
###,9.801982879638672
 Ex,11.974626541137695
pected,3.8741908073425293
 Output,8.19266128540039
:,2.7573764324188232
"
",1.102158784866333
