token,surprisal
39,13.461668014526367
75,8.98730754852295
14,7.702828407287598
00,7.285019397735596
27,7.959309101104736
698,11.672659873962402
789,11.770040512084961
12,6.379054546356201
390,11.176713943481445
`,10.097946166992188
"
",7.952665328979492
