token,surprisal
CNN,14.5440673828125
),0.13504773378372192
 --,3.5457863807678223
 The,2.6733970642089844
 killing,11.597726821899414
 is,8.751176834106445
 certain,10.61255931854248
 to,0.08493503928184509
 stiff,14.507214546203613
en,0.4966542720794678
 opposition,8.092854499816895
 resolve,21.00579071044922
 and,4.678048610687256
 further,5.664464950561523
 weaken,7.317168235778809
 President,3.516308546066284
 Bashar,5.77701473236084
 al,0.5146283507347107
-,0.02162015624344349
Assad,0.0004092907765880227
's,0.6787561178207397
 authority,5.534627437591553
",",2.3849129676818848
 said,6.753854751586914
 CNN,8.631231307983398
 military,9.27945327758789
 analyst,0.23589691519737244
 Ced,14.604104042053223
ric,0.0077322134748101234
 Le,7.62354850769043
ighton,5.90883207321167
",",3.624312162399292
 a,3.58028244972229
 retired,5.997203350067139
 Air,5.334684371948242
 Force,0.016056925058364868
 officer,4.404124736785889
 who,1.8179384469985962
 served,3.5792315006256104
 in,1.1614010334014893
 the,1.5497742891311646
 Office,14.01815414428711
 of,0.004525504540652037
 National,6.023623943328857
 Intelligence,1.062912940979004
.,0.9607006907463074
"

",4.852295398712158
