token,surprisal
://,4.927252769470215
github,5.535635948181152
.,0.0017450450686737895
com,0.0008177512208931148
/,0.0024179513566195965
H,9.143218994140625
uy,10.048028945922852
T,8.171372413635254
ran,9.523468017578125
123,14.360052108764648
/,0.12936823070049286
Ask,13.128546714782715
-,4.076029300689697
to,9.818941116333008
-,0.030408484861254692
Answer,4.740324020385742
