token,surprisal
 [,11.00497817993164
 ],7.856996059417725
 1,9.282732009887695
"
",6.280872821807861
-,15.75633716583252
 [,2.096839427947998
 ],1.061922311782837
 2,2.2106380462646484
"
",0.7053596377372742
-,1.2503752708435059
 [,0.17733319103717804
x,11.495339393615723
],0.9466625452041626
 3,2.058696985244751
"
",0.4182144105434418
