token,surprisal
"""",5.2962822914123535
I,2.8986661434173584
'm,2.85383677482605
 looking,6.87064790725708
 at,2.760770320892334
 you,3.9783313274383545
",",1.9882512092590332
 iPad,18.119770050048828
"!""",5.102168560028076
"
",2.554474115371704
