token,surprisal
*,9.925201416015625
answer,15.952469825744629
*/,8.766008377075195
](,9.618218421936035
./,13.054085731506348
ans,12.213201522827148
w,0.28196877241134644
ers,0.04786060377955437
/,2.1426823139190674
Week,17.34952163696289
_,5.161995887756348
15,10.240394592285156
/,3.0466654300689697
8,9.783797264099121
),5.635183334350586
