token,surprisal
We,7.718964576721191
 will,5.030056476593018
 miss,10.335147857666016
 you,1.040603756904602
 Da,16.590837478637695
Marcus,10.416435241699219
!,6.599577903747559
 You,5.9901556968688965
 are,2.492997884750366
 a,3.056586265563965
 great,3.295144557952881
 player,5.1989030838012695
 and,1.8895703554153442
 a,1.8066271543502808
 great,0.9821459650993347
 person,3.2067623138427734
 too,8.572961807250977
.,1.3862277269363403
