token,surprisal
1,7.007556438446045
.,1.5909923315048218
 `,15.180657386779785
Hey,13.401537895202637
 dog,12.990180015563965
!,3.1243722438812256
`,2.487887382507324
"
",1.8832252025604248
2,15.675053596496582
.,0.001659554778598249
 `,0.43335142731666565
F,7.715425491333008
etch,6.017918109893799
 me,4.40963888168335
 a,3.3523643016815186
 ball,8.408867835998535
.,4.998541355133057
`,0.6017236709594727
"
",0.2009432315826416
3,0.18307046592235565
.,0.0014402995584532619
 `,0.2501148283481598
Take,7.354352951049805
 a,2.5297796726226807
 walk,6.842207431793213
.,1.673028826713562
`,0.1767992526292801
"
",0.11307128518819809
4,0.12268253415822983
.,0.0016830576350912452
 `,0.1480468511581421
Go,5.1512346267700195
 fetch,9.571381568908691
 a,3.5007827281951904
 ball,1.8632243871688843
 and,6.750818252563477
 bring,7.551236629486084
 it,0.48183324933052063
 to,1.113112449645996
 me,1.194905400276184
.,0.5736019015312195
`,0.14828507602214813
"
",0.10014959424734116
5,0.08236232399940491
.,0.0014390944270417094
 `,0.0742238312959671
Throw,6.634134769439697
 my,5.481557369232178
 ball,1.2414363622665405
",",5.980906963348389
 I,4.4227705001831055
'll,1.1073743104934692
 catch,3.6737866401672363
 it,0.6734284162521362
 for,7.498050212860107
 you,0.119661845266819
.,0.6529642343521118
`,0.1523837447166443
"
",0.09084852784872055
6,0.07708482444286346
.,0.0019152656896039844
 `,0.10768500715494156
Good,7.8917365074157715
 boy,4.82851505279541
",",1.8775389194488525
 nice,7.156890869140625
 job,7.469618797302246
.,1.5380213260650635
`,0.3173728883266449
"
",0.1277627795934677
