token,surprisal
 The,10.040925979614258
 funeral,14.195003509521484
 home,4.563713073730469
 where,4.470986366271973
 Tony,9.913980484008789
 Sop,6.914358139038086
rano,0.00015616869495715946
 was,1.4609942436218262
 laid,11.47050666809082
 to,0.15246498584747314
 rest,0.008691387251019478
",",4.1298675537109375
 12,11.324466705322266
82,11.953839302062988
 Pal,11.956917762756348
is,3.8051459789276123
ade,3.0700767040252686
 Ave,2.0380258560180664
".,",0.7417951226234436
 Cliff,15.110739707946777
side,0.8344671726226807
 Park,4.452661514282227
",",0.8078080415725708
 NJ,6.544073104858398
