token,surprisal
Ironically,16.54769515991211
",",0.22567228972911835
 Barn,15.584637641906738
s,5.958182334899902
ley,1.3108662366867065
 are,3.5956451892852783
 actually,8.5929594039917
 a,4.003615379333496
 professional,10.411406517028809
 team,2.8550143241882324
 in,4.780357360839844
 England,6.272735595703125
's,4.6595048904418945
 second,4.7249755859375
 tier,0.9699958562850952
.,1.862926959991455
 They,2.4929189682006836
 play,4.68709135055542
 their,5.030412197113037
 home,2.9963133335113525
 games,0.557511031627655
 at,1.9314314126968384
 Oak,10.966575622558594
well,4.25874137878418
 Stadium,1.8911792039871216
 in,2.689166307449341
 South,5.9610090255737305
 Yorkshire,3.101355791091919
.,3.260392427444458
"
",1.8699142932891846
