token,surprisal
 can,7.175068378448486
 see,4.317127704620361
 that,3.3054561614990234
 this,4.494701385498047
 guy,7.736945152282715
 is,1.6348965167999268
 an,5.842686653137207
 idiot,4.57105827331543
 who,4.758577346801758
 doesn,3.8673384189605713
't,0.000532212492544204
 know,2.191030740737915
 how,1.3593782186508179
 to,0.09563577175140381
 manage,7.911786079406738
 his,1.9943856000900269
 time,6.4829630851745605
.,1.5889990329742432
"

",6.990821838378906
