token,surprisal
[,10.989971160888672
](,7.422873497009277
https,4.723337173461914
://,0.015934240072965622
github,6.697720050811768
.,0.0017950673354789615
com,0.0007305952603928745
/,0.002440433017909527
s,7.075562953948975
ah,8.857665061950684
ith,10.887310028076172
i,6.468299865722656
-,5.455938816070557
k,5.819396018981934
ond,10.159523010253906
uru,10.07242202758789
/,0.0494966059923172
Golden,13.642574310302734
Che,12.512861251831055
et,2.9770805835723877
ah,0.10089149326086044
20,12.984943389892578
21,7.994445323944092
/,2.5862016677856445
bl,1.1418415307998657
ob,0.0008744527585804462
/,0.0007464257651008666
main,12.5802001953125
/,0.7916319370269775
images,9.33460807800293
/,0.02122112363576889
Black,13.571648597717285
berry,7.2833638191223145
%,7.022223949432373
20,0.13320913910865784
Wallet,11.918176651000977
_,4.062122821807861
5,7.261981964111328
495,14.79856014251709
806,13.568572044372559
.,1.088722586631775
jpg,0.6137243509292603
),0.6800232529640198
