token,surprisal
https,11.607263565063477
://,0.0020449464209377766
www,1.1687877178192139
.,0.0010800252202898264
the,7.23327112197876
guard,0.7342347502708435
ian,0.0003335989313200116
.,0.0002764886012300849
com,0.0033099886495620012
/,0.02799808792769909
technology,4.79872465133667
/,0.1147349402308464
2016,2.702209949493408
/,0.01288633979856968
jan,2.6941449642181396
/,0.0015023625455796719
08,5.32936954498291
/,0.0018342426046729088
f,7.429097652435303
bi,5.401340961456299
-,0.08631637692451477
un,7.449876308441162
locks,7.130783557891846
-,0.12465381622314453
iph,14.745882034301758
ones,5.3824944496154785
-,0.15668416023254395
without,9.010740280151367
-,0.01507450919598341
apple,11.923890113830566
-,0.13470612466335297
hel,12.792950630187988
ping,1.5250262022018433
