token,surprisal
-,6.470573902130127
 [,10.106453895568848
 ],8.014298439025879
 accepted,17.432262420654297
 -,6.892962455749512
 86,18.13541603088379
%,5.325314998626709
"
",2.933337688446045
-,13.433930397033691
 [,0.9063907861709595
x,8.601574897766113
],1.0227142572402954
 improved,11.995821952819824
 -,1.0626450777053833
 14,6.994680881500244
%,0.1833677589893341
