token,surprisal
Write,14.304177284240723
 the,5.465610027313232
 correct,9.99681568145752
 response,7.0302348136901855
 on,6.25176477432251
 each,6.724565505981445
 line,2.32519268989563
.,2.0330560207366943
"

",6.164138317108154
