token,surprisal
 We,10.236258506774902
 should,6.690023422241211
 all,5.320089817047119
 be,1.633742332458496
 as,9.828165054321289
 fashionable,15.154784202575684
 and,3.8090455532073975
 fabulous,9.145342826843262
 as,0.3078075349330902
 these,7.307345390319824
 d,8.962285041809082
and,6.519946098327637
ies,0.8542613983154297
!,4.14826774597168
"

",4.494157314300537
