token,surprisal
" """,7.343939304351807
We,9.611851692199707
've,4.337662696838379
 seen,4.64834451675415
 that,4.43987512588501
 the,5.067676544189453
 Home,14.331170082092285
 Office,3.2077198028564453
 is,2.85636305809021
 a,5.57124137878418
 lot,5.136146545410156
 more,0.586972177028656
 proactive,5.462197780609131
 about,2.2266852855682373
 counter,11.782402038574219
-,0.4058826267719269
terrorism,0.3807964622974396
".""",5.8786420822143555
"
",0.5388196110725403
