token,surprisal
``,14.409193992614746
`,0.8423036336898804
java,10.902751922607422
"
",6.7131476402282715
import,32.73738098144531
 java,0.8360278010368347
.,0.024774324148893356
io,2.5525760650634766
.*,1.990979552268982
;,0.5245962142944336
"
",0.7537350654602051
import,11.36356258392334
 java,0.3814249634742737
.,0.0011542071588337421
lang,4.764685153961182
.*,1.2634282112121582
;,0.024272270500659943
"
",0.03694659844040871
import,1.233415126800537
 java,0.33247077465057373
.,0.0011474945349618793
util,0.8302873373031616
.*,1.0457512140274048
;,0.012270195409655571
"
",0.033658433705568314
class,6.532230377197266
 Solution,13.444645881652832
 {,2.4468886852264404
"
",0.36700889468193054
 ,17.824325561523438
 ,9.197843551635742
 ,5.615028381347656
 public,7.240200519561768
 static,2.348123788833618
 void,1.028712511062622
 main,0.034269340336322784
(,0.1003495305776596
String,0.034161828458309174
[],0.09061867743730545
 args,0.000521889771334827
),0.14473646879196167
 throws,1.9768776893615723
 Exception,0.6822778582572937
{,6.964965343475342
"
",0.11820622533559799
 ,9.83456039428711
 ,2.3862316608428955
 ,3.882657051086426
 ,6.552001476287842
 ,6.954275131225586
 ,5.9780073165893555
 ,4.425870895385742
 Scan,14.53378963470459
ner,0.21722649037837982
 scanner,4.005829811096191
 =,0.2150103747844696
 new,0.13139839470386505
 Scan,0.0330842100083828
ner,0.00317028327845037
(,1.13815438747406
System,3.943917751312256
.,0.00812026858329773
in,0.7089650630950928
);,0.14579570293426514
"
",0.3795039653778076
 ,6.640553951263428
 ,0.09093251079320908
 ,0.04964381083846092
 ,0.24817688763141632
 ,1.1320947408676147
 ,1.7144564390182495
 ,3.391484022140503
 String,4.8655548095703125
 input,6.779516696929932
 =,0.9430104494094849
 scanner,2.2037839889526367
.,0.04287386313080788
next,2.92230486869812
();,2.0658740997314453
"
",0.14988738298416138
 ,4.060647964477539
 ,0.027514459565281868
 ,0.009990674443542957
 ,0.010447156615555286
 ,0.022482313215732574
 ,0.26644662022590637
 ,2.723310947418213
 System,5.225300312042236
.,0.0096060112118721
out,0.09717603027820587
.,0.03397895395755768
println,0.04919762164354324
"(""",1.3923165798187256
Hello,4.766867637634277
""");",6.261998653411865
"
",0.16946767270565033
"
",6.351136684417725
},3.342836618423462
"
",0.20359177887439728
``,18.912874221801758
`,0.01704096980392933
"
",1.9318805932998657
