token,surprisal
[,8.168431282043457
1,5.707415580749512
],0.2760217487812042
 A,6.326910495758057
",",8.800832748413086
 [,9.000171661376953
2,0.7915157079696655
],0.23393328487873077
 B,3.1419570446014404
",",0.33100587129592896
 [,0.3327057659626007
3,0.04879169166088104
],0.02250039204955101
 C,0.3204103708267212
",",0.22521856427192688
 [,0.12833310663700104
4,0.0070469737984240055
],0.0019663271959871054
 D,0.08910131454467773
