token,surprisal
`,8.756803512573242
python,13.781301498413086
"
",6.006946563720703
def,26.284971237182617
 solution,16.585142135620117
(,3.007319211959839
input,6.203656196594238
_,3.9501750469207764
):,13.535733222961426
"
",2.830228328704834
 ,16.854469299316406
 ,9.24375057220459
 ,3.146296262741089
 #,8.253168106079102
 ...,6.449370384216309
"
",2.0167765617370605
``,7.46354341506958
`,0.013516202569007874
"
",3.4384446144104004
