token,surprisal
 Fans,18.13469696044922
 were,7.4746246337890625
 shocked,6.642032623291016
 by,3.2942514419555664
 the,0.8345576524734497
 deal,10.312089920043945
 but,5.369774341583252
 happy,10.945405006408691
 that,2.8907063007354736
 he,5.04909610748291
 arrived,10.438648223876953
 late,6.8260579109191895
.,1.8331300020217896
