token,surprisal
 is,4.445995807647705
 the,2.9575347900390625
 correct,10.34911060333252
 answer,3.496269941329956
"
",8.738346099853516
