token,surprisal
`,8.756803512573242
python,13.781301498413086
"
",6.006946563720703
from,23.77975845336914
 sk,8.334161758422852
learn,0.29966315627098083
 import,2.8555054664611816
 tree,9.216753959655762
_,3.3315532207489014
model,6.6619720458984375
"
",2.803028106689453
tree,13.143250465393066
_,0.6587891578674316
model,0.3233488202095032
 =,1.1590923070907593
 tree,1.2162575721740723
_,0.12399508059024811
model,0.08077885955572128
.,1.8003441095352173
Dec,10.503841400146484
ision,5.217614650726318
Tree,0.5467543601989746
Class,9.13335132598877
ifier,3.957308053970337
(),2.72267746925354
"
",0.7498149275779724
"
",2.071925640106201
#,3.7351202964782715
 predict,12.505424499511719
"
",5.6352691650390625
label,33.96457290649414
 =,0.4478919506072998
 1,11.038534164428711
 if,5.882202625274658
 0,8.039493560791016
 <,5.027468681335449
 x,7.980710983276367
 <=,4.780095100402832
 3,5.522531986236572
 else,5.081048965454102
 2,4.099570274353027
"
",0.567472517490387
print,31.42177391052246
(,3.8161003589630127
tree,5.6279706954956055
_,0.027790924534201622
model,0.02685033529996872
.,0.8129807114601135
p,10.4047269821167
redict,0.10322646051645279
([,7.881987571716309
x,2.3504695892333984
]),4.331959247589111
[,4.594661712646484
0,2.18153715133667
]),0.6404023170471191
 #,4.046642303466797
 print,5.4732279777526855
 the,4.578893184661865
 predicted,5.111006736755371
 result,6.535586357116699
"
",0.7610870003700256
``,31.783302307128906
`,0.025282062590122223
"
",4.836581707000732
"
",0.0002764886012300849
###,10.161467552185059
 Reference,14.68329906463623
:,3.7649593353271484
"
",1.1931039094924927
[,18.47054672241211
https,9.228384971618652
://,0.008595623075962067
github,1.8117202520370483
.,0.0012578273890540004
com,0.0004283863818272948
/,0.015678292140364647
christ,12.435577392578125
ian,3.327819585800171
per,9.720553398132324
rin,5.603770732879639
/,0.25086671113967896
c,6.878632545471191
nn,7.889922142028809
-,1.5786080360412598
practice,13.687243461608887
](,6.099146842956543
https,0.5765154957771301
://,0.0004897176986560225
github,0.36466315388679504
.,0.0007516740006394684
com,0.00036507935146801174
/,0.0021103941835463047
christ,1.9339029788970947
ian,0.0038634270895272493
per,0.004787935875356197
rin,0.002276782179251313
/,0.043701041489839554
c,0.7446237206459045
nn,0.01601814478635788
-,0.24783223867416382
practice,0.15585973858833313
),1.4418644905090332
