token,surprisal
This,7.498656272888184
 article,5.0486626625061035
 is,2.035895586013794
 a,2.985574960708618
 candidate,4.446213245391846
 for,0.7967162132263184
 speedy,18.994503021240234
 deletion,0.1935187131166458
 because,10.14801025390625
:,18.564231872558594
 the,9.323776245117188
 title,8.43496036529541
 does,8.232112884521484
 not,0.02689247392117977
 match,1.6887753009796143
 the,0.473732054233551
 text,4.395585536956787
.,3.7302932739257812
"
",2.117799997329712
