token,surprisal
``,14.409193992614746
`,0.8423036336898804
python,12.94721508026123
"
",4.929441928863525
print,28.123027801513672
(,3.625216007232666
G,11.563072204589844
ly,9.531219482421875
z,11.608200073242188
elle,13.182194709777832
Pal,16.740562438964844
mar,8.223726272583008
),3.4551291465759277
"
",1.3409618139266968
``,3.3186089992523193
`,0.0555078461766243
"
",0.8695603013038635
