token,surprisal
[,8.168431282043457
Daily,13.97062873840332
 Mail,2.1714868545532227
](,8.617777824401855
https,1.9979116916656494
://,0.0007754201651550829
www,0.3618585467338562
.,0.000524126342497766
daily,0.1519678831100464
mail,0.05141309276223183
.,0.0009835599921643734
co,0.007277453783899546
.,0.0007929719286039472
uk,0.0004938467172905803
/,0.0028900515753775835
news,0.09215404838323593
/,0.018521297723054886
article,0.023737436160445213
-,0.005306554958224297
48,7.206303596496582
98,7.07603645324707
25,7.24860143661499
/,3.390293598175049
Mayor,11.984796524047852
-,0.022019648924469948
sp,7.575008869171143
ent,7.815277099609375
-,0.024814652279019356
million,5.601728439331055
-,0.1422087848186493
speed,17.10858917236328
-,0.5953205823898315
limit,10.397839546203613
-,0.0923122689127922
pro,7.865570068359375
secut,9.04497241973877
ed,7.3896164894104
--,13.443998336791992
spe,11.274749755859375
eding,4.386481285095215
.,6.356184959411621
html,0.017181850969791412
),0.32151687145233154
