token,surprisal
 spokeswoman,14.422137260437012
 for,0.6780006289482117
 Jackson,11.489059448242188
's,3.754931926727295
 mother,7.335276126861572
",",0.6791701316833496
 Katherine,8.939545631408691
",",3.5192503929138184
 said,1.0019489526748657
 she,2.7137231826782227
 had,3.5977845191955566
 no,1.9786678552627563
 comment,1.387616515159607
 on,2.205782651901245
 the,0.9384695887565613
 newspaper,11.049921035766602
 report,4.025866508483887
.,0.3731885552406311
"

",5.869457244873047
