token,surprisal
The,5.118950366973877
 son,12.083381652832031
 of,0.4657158851623535
 the,3.7664108276367188
 fallen,10.41869068145752
 soldier,4.415302753448486
 said,7.150877952575684
 his,4.039783954620361
 final,12.060846328735352
 words,2.169386386871338
 were,2.4050300121307373
 ',4.803040027618408
I,2.6021511554718018
 love,4.3614912033081055
 you,0.5378814339637756
.',4.238917350769043
