token,surprisal
``,14.409193992614746
`,0.8423036336898804
python,12.94721508026123
"
",4.929441928863525
answer,35.666622161865234
 =,6.0559186935424805
 input,8.491996765136719
().,10.343297958374023
strip,7.618575096130371
(),3.394927978515625
"
",0.7494593858718872
print,21.91098403930664
(,2.4474854469299316
bool,15.057252883911133
(,0.5317561626434326
answer,0.7911750674247742
)),0.5299811959266663
"
",0.21680580079555511
``,5.995122909545898
`,0.02907234989106655
