token,surprisal
 [,8.5849609375
Luc,14.924958229064941
as,3.32863712310791
 Cross,14.215543746948242
ley,7.7248969078063965
](,6.8146891593933105
https,1.682358980178833
://,0.0025044342037290335
github,7.531303882598877
.,0.0011776157189160585
com,0.0006932566175237298
/,0.0012753850314766169
lu,7.611769199371338
cy,2.973478078842163
cross,4.570082187652588
ley,0.1785096675157547
),6.976384162902832
"
",1.9365886449813843
