token,surprisal
This,7.498656272888184
 is,2.1669819355010986
 a,2.3085336685180664
 great,4.949078559875488
 example,4.2584452629089355
 of,0.15649168193340302
 what,3.796408176422119
 happens,3.9624886512756348
 when,0.14784085750579834
 people,5.485841274261475
 don,4.946600437164307
't,0.0016631706384941936
 use,7.801573276519775
 their,2.9724671840667725
 brains,5.450560092926025
.,2.3025951385498047
"
",2.125826835632324
