token,surprisal
Jamie,16.030338287353516
 Smith,6.944860458374023
",",1.7778539657592773
 who,4.093940258026123
 at,9.491710662841797
 48,8.981175422668457
 is,1.712522268295288
 also,6.274184226989746
 known,7.083723068237305
 as,0.6340529918670654
 The,4.697734355926514
 Human,10.87741756439209
 Sc,10.813361167907715
all,11.118109703063965
iw,17.751367568969727
ag,0.370064914226532
.,4.103349208831787
"

",5.829319477081299
