token,surprisal
 0,11.559901237487793
 /,7.59258508682251
 10,5.810286521911621
 Instructions,17.839994430541992
 Follow,11.645246505737305
ed,7.029064655303955
