token,surprisal
*,8.84179973602295
 [,8.173592567443848
x,8.865382194519043
],1.639443039894104
 by,9.820577621459961
 plane,15.328045845031738
 (,4.9621500968933105
5,8.717148780822754
 points,8.273025512695312
),1.4550061225891113
"

",5.455901622772217
