token,surprisal
 is,4.183685779571533
 not,3.8362555503845215
 acceptable,8.015735626220703
 to,1.6902847290039062
 compare,9.595602989196777
 today,12.04727554321289
's,0.3558366298675537
 situation,7.001133441925049
 with,1.1252514123916626
 any,5.7514328956604
 historical,7.725356578826904
 one,5.022338390350342
!,10.083063125610352
"

",6.578667163848877
