token,surprisal
**,11.907817840576172
Please,6.7114715576171875
 help,8.153965950012207
 me,3.101289749145508
 fill,9.334975242614746
 it,6.5685954093933105
 out,0.5964040756225586
.,3.7401082515716553
**,2.1728711128234863
