token,surprisal
The,6.960155010223389
 first,5.950680255889893
 method,11.170612335205078
 is,2.074467658996582
 the,3.1212751865386963
 most,4.651665210723877
 common,2.477128028869629
",",2.4679672718048096
 and,2.5487313270568848
 is,3.595299243927002
 used,2.98240065574646
 in,3.144956350326538
 the,3.524090051651001
 video,10.214828491210938
.),6.639325141906738
"
",1.1724740266799927
``,23.688230514526367
`,0.2419394850730896
python,10.00174617767334
"
",5.865832805633545
a,17.90796661376953
 =,5.217902183532715
 5,6.8355326652526855
"
",2.3699169158935547
b,3.5306432247161865
 =,0.056562285870313644
 a,6.044690132141113
 //,12.942550659179688
 2,5.340155124664307
"
",1.3755536079406738
``,2.174874782562256
`,0.011295553296804428
"
",2.418195962905884
###,9.945515632629395
 Explan,12.378143310546875
ation,0.3646080195903778
:,3.4002771377563477
"
",1.634925365447998
The,3.2476418018341064
 output,9.855770111083984
 of,1.6383007764816284
 `,5.907330513000488
a,1.318446397781372
//,14.826727867126465
2,0.8436471223831177
`,0.5123054385185242
 is,1.0291173458099365
 2,6.07876443862915
 because,8.039583206176758
 we,4.864166259765625
 divide,10.569173812866211
 `,4.381180763244629
a,1.0031877756118774
"`,",7.719607353210449
 which,4.37022066116333
 has,4.889704704284668
 value,8.533465385437012
 of,5.3035173416137695
 `,4.079329967498779
5,3.0394184589385986
"`,",0.8895075917243958
 by,0.7136028409004211
 two,4.626005172729492
 (,4.674553871154785
which,5.641946792602539
 equals,6.335223197937012
 to,2.329627275466919
 1,4.331162929534912
),1.7218722105026245
 and,2.7224674224853516
 then,3.3344712257385254
 the,4.505432605743408
 resultant,9.599233627319336
 integer,7.546825408935547
 is,2.187568426132202
 stored,8.707392692565918
 in,0.9274144768714905
 b,7.274558067321777
.,1.120057225227356
