token,surprisal
We,7.718964576721191
 want,6.28838586807251
 more,8.762009620666504
 information,5.627771854400635
 from,3.796769380569458
 this,6.753921031951904
 answer,13.533805847167969
!,5.185566425323486
