token,surprisal
 ,7.882282257080078
 ,0.604452908039093
 You,14.937023162841797
 should,8.388785362243652
 have,3.048149585723877
 done,4.822635173797607
 better,6.4094462394714355
 at,5.771685600280762
 the,2.872964859008789
 interview,10.860138893127441
.,1.2602967023849487
"
",3.415449857711792
