token,surprisal
Either,14.771204948425293
" """,10.562727928161621
M,8.513675689697266
ick,8.408427238464355
 J,6.362903118133545
agger,0.07948658615350723
"""",0.4265355169773102
 or,0.9752059578895569
" """,0.44168660044670105
Wow,13.758554458618164
"!""",3.4982268810272217
"

",8.849847793579102
