token,surprisal
 2013,12.939022064208984
-,0.5550187826156616
10,2.974724531173706
-,0.01611996814608574
31,5.7587409019470215
 09,5.198017120361328
:,0.003081347793340683
45,5.636822700500488
:,0.03704487904906273
48,5.500374794006348
.,2.7884738445281982
64,10.269407272338867
67,11.717700958251953
24,14.720035552978516
:,16.495447158813477
 *,10.799790382385254
 2013,7.7076239585876465
-,0.0029672563541680574
10,0.03194005414843559
-,0.000522577902302146
31,0.008441305719316006
 09,0.020425917580723763
:,0.0005761709180660546
45,0.3097675144672394
:,0.0015217307955026627
48,0.6501604914665222
.,0.0009537009755149484
64,0.5113645195960999
67,0.11969491839408875
24,0.09881149232387543
:,0.0065702288411557674
"
",9.64533805847168
*,16.07120704650879
 2013,0.4862169921398163
-,0.0007585568819195032
10,0.008705575950443745
-,0.0009487101924605668
31,0.007485669571906328
 09,0.013059875927865505
:,0.0008106959867291152
45,0.08535948395729065
:,0.0014157677069306374
49,3.6714677810668945
.,0.0009734061313793063
030,10.618459701538086
341,9.311529159545898
:,0.010871552862226963
 *,1.349471092224121
 2013,0.12057539075613022
-,0.0007077101618051529
10,0.0023394839372485876
-,0.000973061949480325
31,0.004619446583092213
 09,0.010073542594909668
:,0.001148527255281806
45,0.038046084344387054
:,0.0013533640885725617
49,0.5940740704536438
.,0.0012033483944833279
030,0.07442419230937958
341,0.008316325023770332
:,0.0029032346792519093
"
",0.1882999688386917
