token,surprisal
https,11.362410545349121
://,0.06203824654221535
github,3.549611806869507
.,0.002832150785252452
com,0.0007924556848593056
/,0.006308941636234522
s,7.022058963775635
ind,9.100591659545898
res,10.447917938232422
or,8.810545921325684
hus,12.786693572998047
/,0.49241548776626587
aw,9.356237411499023
esome,1.0455784797668457
/,6.255381107330322
issues,3.3765709400177
/,0.13133275508880615
27,7.2186174392700195
38,7.052675247192383
>,3.5313220024108887
"
",1.4412882328033447
