token,surprisal
|,10.580883026123047
 ,11.295620918273926
 100,19.360172271728516
%,2.9773104190826416
 ,8.216493606567383
 ,6.122098445892334
 |,4.466677665710449
"
",4.740382194519043
|,14.19888973236084
 -----,13.207207679748535
 ,4.579885959625244
 ,5.317322731018066
 |,1.8529436588287354
"

",6.913674831390381
