token,surprisal
`,8.756803512573242
"
",3.9199318885803223
I,17.38970375061035
 guess,6.897354602813721
 I,2.712181329727173
'm,2.715043306350708
 not,3.0145647525787354
 clear,9.642326354980469
 how,5.2104997634887695
 that,5.445510387420654
 is,5.125040531158447
 an,7.269252777099609
" """,6.103167533874512
Inst,12.573749542236328
ruction,3.058314800262451
"""...",11.785207748413086
"
",2.227123260498047
"
",1.6965861320495605
``,6.24079704284668
`,0.0314674936234951
