token,surprisal
Give,13.621194839477539
 the,4.06439733505249
 sentence,12.399928092956543
 you,6.400803565979004
 think,4.379500865936279
 fits,8.438488006591797
 this,5.807007789611816
 scenario,6.672148704528809
:,1.9786758422851562
"
",1.8343714475631714
"
",0.007267687935382128
``,13.376142501831055
`,5.262982368469238
python,10.745431900024414
"
",6.784700393676758
from,27.786548614501953
 string,7.807065486907959
 import,2.024636745452881
 lower,10.471333503723145
case,0.27595585584640503
"
",2.6427767276763916
def,21.83037757873535
 rape,14.790653228759766
(,3.344695806503296
woman,15.762314796447754
",",2.846508264541626
 men,6.15526008605957
):,0.14214558899402618
"
",1.3988417387008667
 ,17.86457061767578
 ,8.145915031433105
 ,3.8141109943389893
 return,5.744423866271973
" """,2.77357816696167
R,7.544798851013184
ape,0.5028565526008606
"""",2.2425100803375244
 +,3.56827712059021
 lower,10.019766807556152
case,0.0052352664060890675
((,6.686593055725098
woman,3.1800074577331543
",",0.704847514629364
 men,0.15724454820156097
)),0.6334867477416992
 #,6.748039245605469
 or,7.78380012512207
 what,9.298291206359863
?,3.0413689613342285
"
",0.9582462906837463
"
",0.002430441090837121
print,7.611894607543945
(,2.03913950920105
rape,1.2592360973358154
"(""",5.9001030921936035
Jane,7.416354656219482
""",",3.576435089111328
" [""",11.693873405456543
John,7.247673988342285
""",",0.8351438641548157
" """,0.27194613218307495
Jim,8.011280059814453
"""]",0.8651538491249084
)),0.3523904085159302
"
",0.4750019907951355
``,33.068572998046875
`,0.02281852997839451
"
",0.23531687259674072
