token,surprisal
I,6.204752445220947
 don,4.807766437530518
't,0.0011908692540600896
 believe,5.316584587097168
 them,9.41493034362793
"
",7.875891208648682
