token,surprisal
Thanks,12.187057495117188
 for,2.1077916622161865
 the,3.3246772289276123
 response,7.086734294891357
.,1.899738073348999
"
",2.371650218963623
