token,surprisal
`,8.756803512573242
python,13.781301498413086
"
",6.006946563720703
 ,19.068634033203125
 ,10.810104370117188
 ,3.1133317947387695
" """"""",10.208857536315918
"
",2.2103567123413086
 ,17.835613250732422
 ,2.119351625442505
 ,1.907645344734192
 10,13.331981658935547
456,12.538758277893066
23,8.748849868774414
75,8.191853523254395
",",8.139423370361328
 10,4.916217803955078
89,11.721443176269531
55,6.563623905181885
151,11.84006404876709
",",1.0516093969345093
 118,9.122936248779297
57,6.698220729827881
98,7.785867214202881
20,7.3924174308776855
",",1.1556260585784912
 124,7.658064365386963
117,9.289254188537598
194,9.276143074035645
",",0.9075354337692261
 139,9.29578971862793
05,7.007571697235107
6,6.527613639831543
165,9.152578353881836
",",0.6371240615844727
 15,5.119696140289307
476,10.539959907531738
34,6.9295573234558105
78,6.644669055938721
"
",2.5672922134399414
 ,12.112903594970703
 ,0.4362986385822296
 ,0.6164427995681763
" """"""",3.4196040630340576
"
",1.2815680503845215
``,13.893537521362305
`,0.013772113248705864
