token,surprisal
 is,6.042545318603516
 your,4.4907002449035645
 new,7.6652374267578125
 dorm,12.762310981750488
itory,5.248988628387451
 ?,10.670472145080566
 ,6.785378456115723
"

",13.441681861877441
 It,19.633943557739258
's,1.4033212661743164
 very,5.833061695098877
 nice,2.8810534477233887
 .,7.39457368850708
 There,6.011319637298584
 are,1.4490859508514404
 only,5.680652141571045
 four,5.779879093170166
 people,5.216669082641602
" ,",9.049012184143066
 and,3.7595880031585693
 those,9.224757194519043
 girls,7.661584854125977
 are,1.2369427680969238
 very,4.664466381072998
 kind,6.71094274520874
 and,1.75215744972229
 friendly,5.4839911460876465
 .,1.4815281629562378
 ,5.120702266693115
"

",1.2841248512268066
 Well,18.68971061706543
" ,",3.964604616165161
 do,8.817733764648438
 you,0.48684781789779663
 all,9.08207893371582
 major,18.277446746826172
 in,0.22141318023204803
 the,6.168384552001953
 same,2.3308873176574707
 subject,4.497424125671387
 ?,1.3152188062667847
 ,1.1283680200576782
"

",0.8532775044441223
 No,6.53454065322876
" ,",2.1254775524139404
 the,7.424263954162598
 other,5.066810131072998
 three,3.8365581035614014
 girls,4.067422389984131
 major,7.862338066101074
 in,0.20100510120391846
 a,4.719539642333984
 computer,9.608573913574219
 science,0.5420907735824585
" ,",5.074719429016113
 and,2.8165762424468994
 they,3.247652769088745
 can,6.397310256958008
 help,4.465068817138672
 me,1.555022954940796
 a,5.647221565246582
 lot,0.1115947961807251
 with,3.3308258056640625
 the,4.021321773529053
 computer,3.7457499504089355
 operating,14.138853073120117
 .,6.552544593811035
 ,1.362860083580017
"

",0.7844459414482117
 That,8.092854499816895
's,0.84642493724823
 great,4.292231559753418
 !,2.832231044769287
 ,2.0374021530151367
