token,surprisal
 you,5.947214126586914
 like,3.378699779510498
 to,0.6363205313682556
 take,6.08704948425293
 a,1.5644434690475464
 look,2.3574724197387695
 at,0.33985087275505066
 the,2.1420183181762695
 menu,9.603971481323242
" ,",12.797748565673828
 sir,13.285069465637207
 ?,5.092267990112305
 ,7.050136089324951
"

",13.105609893798828
 Yes,23.064105987548828
 .,6.272561073303223
 Thank,5.984379291534424
 you,0.08731428533792496
 .,2.6047048568725586
 ,4.438300132751465
"

",1.3205609321594238
 Would,22.355712890625
 you,0.11694797873497009
 care,13.75878620147705
 for,3.834873914718628
 a,1.9561301469802856
 drink,6.417328834533691
 before,7.353489875793457
 you,1.8561872243881226
 order,7.762895107269287
 ?,1.1507108211517334
 ,1.193778395652771
"

",0.6604496836662292
 A,8.045210838317871
 glass,5.877044200897217
 of,0.707752525806427
 Qing,19.176376342773438
d,4.627676010131836
ao,0.09187230467796326
 beer,7.4934258460998535
 .,3.795126438140869
 ,1.108789086341858
"

",0.4942566454410553
 Yes,4.1882500648498535
" ,",3.9514169692993164
 sir,2.3379924297332764
 .,0.7921210527420044
 I,5.0167927742004395
'll,4.596020221710205
 bring,6.188858509063721
 it,2.2250895500183105
 over,5.1484694480896
 .,1.9249438047409058
 Have,9.50564193725586
 you,2.257276773452759
 decided,6.221148490905762
 what,3.4477343559265137
 you,2.128063917160034
'd,4.32077693939209
 like,0.10289840400218964
" ,",8.309064865112305
 sir,1.1749595403671265
 ?,0.09556391835212708
 ,0.41177845001220703
"

",0.4020881652832031
 Will,9.277610778808594
 you,0.25405368208885193
 make,7.034452438354492
 some,4.514093399047852
 recommendation,13.221084594726562
 ?,1.778529167175293
 ,0.17884136736392975
