token,surprisal
 have,6.037744045257568
 a,3.513617515563965
 complaint,10.218903541564941
 to,4.571706295013428
 make,0.7066027522087097
 .,11.577014923095703
 The,5.598825454711914
 bill,10.159222602844238
 you,6.553739547729492
 sent,5.126776695251465
 me,1.395151138305664
 was,3.2880594730377197
 incorrect,8.182989120483398
 .,3.459449052810669
 What,7.575039863586426
's,4.311956882476807
 more,6.923589706420898
" ,",5.4985833168029785
 it,3.180356979370117
 isn,7.495129585266113
't,0.0023418955970555544
 the,4.397336483001709
 first,3.558156967163086
 time,0.2200879156589508
 ,10.286161422729492
"

",14.588580131530762
 Well,27.42776870727539
" ,",5.332101345062256
 I,2.022252082824707
 must,8.808904647827148
 apologize,6.179566383361816
" ,",5.351145267486572
 mad,16.15944480895996
am,0.5300992727279663
 .,3.086627244949341
 We,7.110826015472412
 have,2.874037742614746
 new,11.012650489807129
 computers,9.97182559967041
 here,6.679152011871338
" ,",2.788123369216919
 you,5.331233024597168
 know,3.3538827896118164
 .,2.034867763519287
 ,8.528657913208008
"

",2.182037353515625
 Don,19.805021286010742
't,0.10568235069513321
 you,3.5403473377227783
 think,2.1977412700653076
 it,2.7501778602600098
's,1.692746639251709
 about,7.997400760650635
 time,0.03025656007230282
 you,3.50130295753479
 got,4.835197448730469
 them,6.551835536956787
 working,9.141068458557129
 properly,5.800417900085449
 ?,0.8578649163246155
 ,2.7923779487609863
"

",1.2246519327163696
 I,6.489457130432129
 agree,7.7354960441589355
 entirely,12.494268417358398
 .,1.5953088998794556
 I,2.5007290840148926
 assure,10.152445793151855
 you,0.050474613904953
 it,3.9652111530303955
 won,3.869321346282959
't,0.0016521511133760214
 happen,3.1704814434051514
 again,2.499904155731201
 .,1.5137425661087036
 ,3.1775686740875244
