token,surprisal
 do,7.941258430480957
 you,0.9314465522766113
 get,4.493352890014648
 road,17.32305335998535
 news,13.51799201965332
 ?,10.775468826293945
 ,6.790381908416748
"

",12.829931259155273
 I,16.115365982055664
've,4.100588798522949
 a,10.475302696228027
 driver,9.6138277053833
 mate,15.053726196289062
 in,5.342045307159424
 my,4.705022811889648
 car,2.474874496459961
 !,10.263025283813477
 ,4.482417106628418
"

",1.2001855373382568
 So,18.930675506591797
 you,4.986351490020752
 have,4.316605567932129
 all,6.886006832122803
 the,1.8459978103637695
 news,3.250967025756836
 on,4.410714149475098
 broadcast,12.996445655822754
 ?,2.799586534500122
 ,1.4474810361862183
"

",0.761919379234314
 Yes,9.802324295043945
" ,",6.272921562194824
 it,4.338222026824951
's,0.9003125429153442
 so,7.254948139190674
 helpful,9.175743103027344
 .,5.758182525634766
 ,1.4566519260406494
