token,surprisal
's,6.821742057800293
 John,12.814800262451172
 doing,8.011628150939941
 ?,11.729756355285645
 ,6.701910495758057
"

",13.777799606323242
 He,22.97374725341797
 can,6.913941860198975
 barely,7.569551467895508
 make,4.299070358276367
 ends,7.629751682281494
 meet,0.0010155709460377693
 .,5.9626898765563965
 ,3.840686321258545
