token,surprisal
" ,",10.34670352935791
 Z,11.754349708557129
ina,8.48701286315918
 .,7.21303129196167
 Just,13.607279777526855
 wanted,6.438096046447754
 to,0.09256713837385178
 say,1.82491934299469
 thanks,2.7149953842163086
 again,4.646482467651367
 !,10.17011547088623
 ,7.233204364776611
"

",11.712848663330078
 Hi,27.777650833129883
" ,",4.162437438964844
 Vince,15.720202445983887
 .,4.216656684875488
 Thanks,3.9712157249450684
 for,0.5564741492271423
 stopping,7.15184211730957
 by,0.05500677973031998
 .,3.685189962387085
 How,9.189597129821777
's,3.838388681411743
 the,2.374863386154175
 work,7.660643577575684
 coming,8.148462295532227
 along,1.658636450767517
 for,4.140189170837402
 the,3.4136743545532227
 online,13.253802299499512
 auction,9.65587043762207
 ?,2.5390748977661133
 ,3.401298761367798
"

",1.2857511043548584
 Oh,22.98593521118164
" ,",3.472874402999878
 yeah,7.971940994262695
 .,2.411940097808838
 I,2.0195562839508057
'm,2.384104013442993
 glad,5.240932941436768
 you,2.1693296432495117
 mentioned,7.332714557647705
 that,3.4190571308135986
 .,3.2474517822265625
 I,2.213231325149536
 think,4.6425981521606445
 we,3.146225929260254
 need,5.232027530670166
 to,0.8608347773551941
 hire,9.044685363769531
 somebody,7.894890785217285
 new,5.810940742492676
 to,1.8852030038833618
 manage,4.8303542137146
 it,4.4191765785217285
 .,1.462523341178894
 ,3.93487811088562
"

",0.9759394526481628
 Can,9.082637786865234
't,2.296848773956299
 El,21.72929573059082
vin,7.416388034820557
 handle,8.438364028930664
 it,1.910986304283142
 ?,1.9120817184448242
 ,1.7294139862060547
"

",0.9004212021827698
 I,3.047347068786621
 think,3.5600075721740723
 he,3.6612815856933594
's,1.8390421867370605
 got,4.123769760131836
 too,7.244089603424072
 much,0.961735725402832
 on,6.663231372833252
 his,0.14567041397094727
 plate,0.20832547545433044
 .,1.5129013061523438
 ,2.7975003719329834
