token,surprisal
 a,6.5713210105896
 mess,5.94960355758667
 !,10.886964797973633
 ,7.328493595123291
"

",14.53083610534668
 Sorry,30.609046936035156
 .,8.347079277038574
 I,3.0863888263702393
'll,4.806056499481201
 clean,8.235600471496582
 it,1.3309524059295654
 up,0.32112008333206177
 .,5.133315086364746
 ,5.255360126495361
