token,surprisal
ole,11.225919723510742
" ,",11.68486213684082
 your,13.83845043182373
 F,10.57652759552002
ett,10.807845115661621
uc,4.999413013458252
ini,4.7154622077941895
 is,4.960233211517334
 very,7.5050787925720215
 ...,12.148755073547363
 unique,12.988367080688477
 .,5.332828521728516
 ,7.866187572479248
"

",10.662068367004395
 But,20.98980712890625
 not,7.157653331756592
 as,6.10127592086792
 good,4.710946083068848
 as,0.46280956268310547
 your,3.5268616676330566
 mother,8.388781547546387
's,1.0806251764297485
" ,",6.9937214851379395
 right,8.59627628326416
 ?,3.0549635887145996
 ,2.4110355377197266
"

",0.7060635089874268
 Actually,21.195064544677734
" ,",4.71440315246582
 it,4.095066547393799
's,1.3146114349365234
 better,4.475311279296875
 ...,8.028179168701172
 ,3.720012664794922
"

",0.6508505344390869
 What,14.95821762084961
 ?,7.305715560913086
 Are,7.283759593963623
 you,0.4332505166530609
 kidding,4.8067193031311035
 ?,1.7321454286575317
 ,1.1090775728225708
"

",0.4769834578037262
 No,9.272990226745605
 .,6.389799118041992
 It,5.304948806762695
 was,5.234630584716797
 the,5.028810977935791
 only,5.83244514465332
 dish,8.227804183959961
 she,4.8422346115112305
 wasn,9.79348373413086
't,0.002259298460558057
 good,7.493456840515137
 at,0.6617295742034912
 .,2.8011131286621094
 So,6.008630752563477
 we,5.8917694091796875
 could,7.300065040588379
 use,5.079670429229736
 you,7.764440536499023
 as,2.6593024730682373
 the,4.603707313537598
 new,6.482147216796875
 head,8.803135871887207
 chef,1.0592772960662842
 ...,5.933004379272461
 ,1.4483953714370728
"

",0.23373375833034515
 Oh,15.699950218200684
" ,",3.4108657836914062
 Uncle,13.725754737854004
 Giovanni,11.932135581970215
 .,2.503844738006592
 That,6.666038513183594
's,1.176254153251648
 wonderful,6.406818389892578
 !,2.106746196746826
 Thank,7.259786605834961
 you,0.08452002704143524
 !,2.2263269424438477
 Thank,6.6041646003723145
 you,0.028481442481279373
 !,1.1541295051574707
 ,3.186678409576416
"

",0.6359242796897888
 OK,14.852895736694336
" ,",1.4301332235336304
 OK,9.189240455627441
 .,2.680384874343872
 Get,10.602407455444336
 back,3.954848051071167
 to,0.5787191987037659
 work,3.4565508365631104
 .,2.7711708545684814
 There,8.212922096252441
's,1.6498777866363525
 someone,8.338854789733887
 waiting,4.248560428619385
 for,0.9620987176895142
 you,0.3677826523780823
 in,4.1063923835754395
 the,0.7472502589225769
 kitchen,2.1625449657440186
 ...,4.819332599639893
 ,1.27353835105896
