token,surprisal
 Robert,14.781880378723145
 ever,13.47057056427002
 missed,11.159937858581543
 coming,12.79050064086914
 to,1.9866124391555786
 one,9.415064811706543
 of,0.6899557113647461
 our,3.3313894271850586
 parties,7.151235580444336
 ?,11.270625114440918
 ,8.004181861877441
"

",13.620259284973145
 Only,28.270864486694336
 once,6.9871721267700195
 or,5.980185031890869
 twice,0.014724887907505035
 at,7.439713478088379
 the,3.0577526092529297
 most,7.948451519012451
 .,6.435130596160889
 ,4.098845481872559
"

",1.6318920850753784
 Do,21.297088623046875
 you,0.5226872563362122
 know,2.856135845184326
 why,4.121176242828369
 ?,3.7436132431030273
 ,1.1606335639953613
"

",1.3077967166900635
 I,6.662106990814209
 have,3.254483938217163
 no,4.013717174530029
 idea,0.9445465803146362
 .,3.203127145767212
 ,1.0885692834854126
