token,surprisal
use,8.997976303100586
 me,0.46324422955513
 .,12.433412551879883
 Where,11.655590057373047
 is,2.422988176345825
 the,1.8377799987792969
 way,9.260385513305664
 out,2.9605791568756104
 ?,5.018577575683594
 ,6.793972969055176
"

",15.738073348999023
 Well,26.208364486694336
" ,",5.612611293792725
 that,6.169496059417725
's,1.2781826257705688
 what,3.6060917377471924
 I,1.3827738761901855
'm,2.7718849182128906
 looking,4.959649085998535
 for,0.18922844529151917
 myself,9.596626281738281
 .,1.8484479188919067
 ,4.778980255126953
"

",1.2189593315124512
 It,14.183241844177246
's,1.0717743635177612
 very,6.142672061920166
 confusing,7.2736663818359375
 in,7.223082065582275
 here,6.734572887420654
" ,",3.043154716491699
 isn,7.502458095550537
't,0.0020200598519295454
 it,0.004287528805434704
 ?,0.5723686218261719
 ,1.8112850189208984
"

",0.7915844917297363
 Absolutely,17.751663208007812
 .,3.758301019668579
 Oh,8.805503845214844
" ,",2.7715859413146973
 do,7.733373165130615
 you,0.7545486688613892
 see,4.508522987365723
 a,5.5004682540893555
 sign,6.804205417633057
 there,4.144662380218506
 ?,0.8753727078437805
 ,1.0656601190567017
"

",0.4745550751686096
 It,6.217523097991943
 should,6.814282417297363
 be,0.5762959718704224
 the,5.941402435302734
 way,5.351953983306885
 out,0.3570379614830017
 .,2.2490358352661133
 ,1.2676392793655396
"

",0.7358388900756836
 OK,10.360025405883789
 .,2.8957836627960205
 Let,5.388253211975098
's,0.6335424780845642
 go,1.60178804397583
 and,4.619987487792969
 see,3.2909340858459473
 .,4.320374965667725
 ,1.713080883026123
