token,surprisal
 often,11.224333763122559
 recalled,13.44906234741211
 the,2.781041383743286
 days,5.158815860748291
 when,0.8138183355331421
 Tom,10.607070922851562
 and,5.448458671569824
 I,1.221753478050232
 were,2.19425368309021
 mad,13.775476455688477
ly,1.4105298519134521
 in,0.6032874584197998
 love,0.08009693771600723
 .,11.160504341125488
 ,9.569746017456055
"

",16.280200958251953
 Very,28.407560348510742
 romantic,8.675228118896484
 ?,12.908954620361328
 ,3.316732168197632
"

",1.234973430633545
 Yeah,23.723779678344727
 .,5.371976375579834
 He,7.372091293334961
 always,5.39001989364624
 tick,14.291271209716797
led,0.7568650841712952
 my,1.89336097240448
 fin,17.08690643310547
ny,7.514657497406006
 bone,9.830940246582031
 with,4.736442565917969
 his,1.043694257736206
 college,14.17595386505127
 stories,11.702518463134766
 .,2.388596296310425
 ,1.9982913732528687
"

",0.7644969820976257
 You,11.680194854736328
 married,11.986677169799805
 him,2.982064962387085
 for,5.064624309539795
 that,8.2078857421875
 reason,4.558934211730957
 ?,2.276954412460327
 ,1.0567165613174438
"

",0.5426074862480164
 Definitely,10.482418060302734
 not,4.4220781326293945
 .,1.3311309814453125
 The,7.522968769073486
 most,7.062103748321533
 important,3.285871744155884
 thing,0.39885786175727844
 was,2.256971836090088
 we,6.602495193481445
 loved,6.550866603851318
 each,0.2508828639984131
 other,0.019222991541028023
 .,3.7547922134399414
 ,1.6834150552749634
