token,surprisal
 you,6.159511566162109
 seen,4.213826656341553
 the,2.1590540409088135
 tower,13.481250762939453
 in,4.207952976226807
 front,5.812325477600098
 of,0.04577430710196495
 us,4.850435733795166
 .,13.421330451965332
 That,8.558015823364258
's,1.0833189487457275
 the,2.5432074069976807
 famous,9.889490127563477
 E,10.124227523803711
iff,2.372044801712036
el,0.00220641796477139
 Tower,0.27602893114089966
 .,3.077751874923706
 It,2.8462674617767334
 was,2.968535900115967
 built,1.211122751235962
 in,1.5939257144927979
 1889,6.926112174987793
 for,5.931222438812256
 the,1.3365437984466553
 World,5.99052095413208
's,1.1167219877243042
 Fair,0.42404904961586
 .,3.4331116676330566
 ,10.358657836914062
"

",13.216772079467773
 How,22.508211135864258
 tall,7.153233528137207
 is,1.3359076976776123
 this,3.20642352104187
 building,5.170379161834717
 ?,2.625868082046509
 ,4.314549446105957
"

",1.3873209953308105
 It,11.323160171508789
 stands,7.0485334396362305
 320,11.48412036895752
m,5.881400108337402
 (,3.2707016468048096
 1050,18.324926376342773
ft,1.2405400276184082
 ),1.4449070692062378
 high,3.5882351398468018
 and,2.185870885848999
 held,13.435057640075684
 the,2.8678832054138184
 record,6.566431999206543
 as,5.157540798187256
 the,0.8644270896911621
 world,6.720424652099609
's,0.058230575174093246
 tallest,0.09942805767059326
 structure,7.17396879196167
 until,7.437849521636963
 1930,8.077311515808105
 .,3.261704206466675
 ,1.7732698917388916
"

",0.9437780380249023
 I,5.077024936676025
 have,3.4620189666748047
 heard,4.705819129943848
 its,8.800215721130371
 name,3.5323047637939453
 is,3.6768720149993896
 connected,10.546355247497559
 with,1.4773014783859253
 someone,12.307435035705566
" ,",9.828855514526367
 is,8.21207046508789
 that,1.89078688621521
 right,2.9051992893218994
 ?,0.9375074505805969
 ,1.6363121271133423
"

",0.5889782309532166
 Yes,7.873353004455566
" ,",3.4427173137664795
 the,4.423947811126709
 towel,20.869922637939453
 was,4.490221977233887
 named,6.64451789855957
 after,0.7036975026130676
 its,5.205728530883789
 designer,6.742082595825195
 Gust,13.564099311828613
ave,0.08713486790657043
 E,5.245969295501709
iff,0.001575361005961895
el,0.0010114405304193497
 .,1.7848765850067139
 ,0.9698783159255981
