token,surprisal
 am,9.161686897277832
 sorry,5.586939811706543
 to,2.9605655670166016
 have,4.03815221786499
 kept,9.06865119934082
 all,8.486221313476562
 of,2.1160154342651367
 you,1.6505749225616455
 waiting,2.6884100437164307
 .,12.063011169433594
 I,3.516361951828003
 was,5.392458915710449
 delayed,12.560033798217773
 by,2.5007452964782715
 something,8.489633560180664
 urgent,10.36719036102295
 .,3.46286678314209
 ,7.611832618713379
"

",12.859594345092773
 You,19.141830444335938
 are,3.072655200958252
 not,4.292638778686523
 late,9.361788749694824
" ,",5.658206939697266
 Mr,8.89222240447998
 .,6.176270484924316
 Thomas,9.368330001831055
 .,2.4286584854125977
 There,7.839954853057861
're,14.351982116699219
 still,4.74978494644165
 15,9.050189971923828
 minutes,1.1540004014968872
 to,2.84960675239563
 go,0.250304251909256
 .,1.364245891571045
 Mr,7.125917911529541
 .,2.0412840843200684
 White,10.852359771728516
 has,5.053674221038818
 just,5.201725959777832
 called,5.9185872077941895
 you,3.9423539638519287
 .,2.14902925491333
 ,3.0800602436065674
"

",0.7734907865524292
 What,19.041038513183594
 did,4.616966724395752
 he,3.5375616550445557
 say,1.2478041648864746
 ?,1.415548324584961
 ,2.456573247909546
"

",0.9450219869613647
 He,14.20993709564209
 said,1.494619607925415
 there,6.73533296585083
 was,1.450767993927002
 a,1.8231879472732544
 traffic,10.983895301818848
 jam,2.807560920715332
" ,",4.274580001831055
 but,3.060908079147339
 he,2.396198034286499
 is,6.53491735458374
 coming,8.28062915802002
 .,5.217883586883545
 ,1.807303786277771
"

",0.9369779229164124
 He,10.980009078979492
 shouldn,12.425737380981445
't,0.0013064555823802948
 drive,9.68193244934082
 his,5.015773773193359
 car,0.6569498777389526
 .,3.6442925930023193
 He,2.990635633468628
 should,2.6557235717773438
 come,6.365823745727539
 here,5.996613025665283
 by,7.788759231567383
 bus,5.998050212860107
 .,0.9211136698722839
 ,1.47976553440094
