token,surprisal
 had,7.454655647277832
 an,5.72352933883667
 accident,5.855443000793457
 .,11.925975799560547
 ,11.209671974182129
"

",16.855527877807617
 That,21.992401123046875
's,1.5417662858963013
 terrible,10.576210021972656
 !,8.374187469482422
 ,3.503502607345581
