token,surprisal
 can,7.696745872497559
 we,2.4451394081115723
 develop,8.503442764282227
 a,1.9985578060150146
 new,4.664987087249756
 brand,10.018410682678223
 image,7.94240665435791
 with,5.025673866271973
 no,8.583312034606934
 direction,11.887872695922852
 whatsoever,7.064298629760742
 ?,9.828017234802246
 ,7.600518226623535
"

",15.850564956665039
 With,26.762659072875977
 the,2.7829246520996094
 fifty,16.834341049194336
 forwards,17.7917423248291
 he,9.011529922485352
 sent,8.057046890258789
 out,3.5564839839935303
 today,7.356930732727051
" ,",6.252533435821533
 maybe,9.653681755065918
 we,2.410804271697998
'll,3.7141220569610596
 inadvertently,17.697769165039062
 get,4.392593860626221
 inspired,9.713188171386719
 .,8.252740859985352
 ,3.2525551319122314
"

",1.1503260135650635
 I,12.61985969543457
 guess,5.707996845245361
 this,4.466166019439697
 is,1.3618218898773193
 a,3.1765191555023193
 good,2.322216749191284
 excuse,9.444169044494629
 to,0.8705396056175232
 surf,15.52413558959961
 the,1.9910130500793457
 Net,7.354722499847412
 on,6.402071475982666
 someone,9.355170249938965
 else,1.8787651062011719
's,0.5156927704811096
 dime,8.857406616210938
 .,3.5685055255889893
 ,2.078627109527588
"

",1.1644588708877563
 Who,12.382807731628418
'd,7.734057903289795
 have,2.379920244216919
 thought,0.4086301326751709
 Bean,17.92725944519043
 would,3.704219102859497
 be,2.424706220626831
 this,5.637343883514404
 kind,5.330073833465576
 of,0.024561235681176186
 e,10.929129600524902
-,4.909849166870117
mail,3.1892378330230713
 fanatic,10.680135726928711
 ?,1.5823822021484375
 ,1.7889512777328491
"

",0.9098265171051025
 He,8.53706169128418
 must,7.9697370529174805
 have,1.5470763444900513
 just,6.485022068023682
 got,5.624353885650635
 online,10.138543128967285
 for,5.127137184143066
 the,2.2979483604431152
 first,1.3360618352890015
 time,0.059749945998191833
 last,6.249873161315918
 week,1.8403875827789307
 .,2.9494552612304688
 He,6.446465969085693
 still,7.956602096557617
 thinks,5.9119873046875
 it,3.8757195472717285
's,0.3741260766983032
 some,7.952334880828857
 kind,2.084901809692383
 of,0.0034350540954619646
 new,8.147568702697754
 toy,8.370377540588379
 .,3.265468120574951
 ,1.2819620370864868
