token,surprisal
 you,6.853839874267578
 tell,4.076107501983643
 me,0.7739719748497009
 where,4.404682636260986
 the,2.950852870941162
 pots,14.611680030822754
 and,4.1627583503723145
 pans,0.09562621265649796
 are,1.2188729047775269
 ?,9.859163284301758
 ,6.519702434539795
"

",15.17792797088623
 P,24.70950698852539
ots,4.542096138000488
 and,1.0128297805786133
 pans,0.03244733065366745
 are,1.7230496406555176
 right,8.818190574645996
 over,6.42629861831665
 there,1.112740159034729
 .,6.306014537811279
 ,3.5582802295684814
"

",0.9657555222511292
 Oh,18.33884048461914
" ,",6.278971195220947
 thank,8.087910652160645
 you,0.28706616163253784
 .,3.138904094696045
 ,1.4485937356948853
"

",0.8252653479576111
 Could,12.55233097076416
 I,3.7175981998443604
 interest,17.019407272338867
 you,0.18427351117134094
 in,1.1539297103881836
 our,7.106942653656006
 store,8.178801536560059
 credit,11.6513090133667
 card,2.566634178161621
 ?,2.2467875480651855
 ,0.8678913116455078
"

",0.5405687689781189
 No,6.573574066162109
" ,",2.10764479637146
 thanks,5.731013298034668
 .,0.5660964846611023
 I,4.7029619216918945
 already,8.359871864318848
 have,2.3873050212860107
 credit,7.922933101654053
 cards,2.731625556945801
 .,3.0887160301208496
 ,1.3646483421325684
"

",0.9401419758796692
 But,7.832645416259766
 our,9.33348560333252
 credit,3.7739481925964355
 card,0.47951966524124146
 saves,11.676118850708008
 you,2.1710638999938965
 10,6.635589122772217
 percent,6.0209269523620605
 .,3.6026253700256348
 ,0.6811437606811523
"

",0.6429436802864075
 That,7.215096950531006
's,0.7870888113975525
 a,3.7725095748901367
 nice,4.265637397766113
 discount,6.451291084289551
 .,1.3592482805252075
 ,0.9825057983398438
"

",0.6643193364143372
 Here,9.724658012390137
 .,6.953705787658691
 Let,7.392302989959717
 me,1.2557655572891235
 give,5.826381206512451
 you,0.11936178058385849
 an,3.167711019515991
 application,12.066873550415039
 form,5.363767623901367
 .,1.0476983785629272
 ,0.5346522927284241
"

",0.5195688605308533
 Thank,6.256213665008545
 you,0.0667581558227539
" ,",3.5374720096588135
 but,5.414697647094727
 I,2.4657018184661865
'm,3.9758472442626953
 just,5.4004130363464355
 browsing,10.947558403015137
 today,9.641620635986328
 .,0.9713296890258789
 ,1.2068078517913818
"

",0.5313444137573242
 Okay,7.2320709228515625
 .,1.9961105585098267
 Enjoy,11.627341270446777
 your,1.974680781364441
 browsing,9.469045639038086
 .,1.392640233039856
 ,1.2934163808822632
