token,surprisal
 do,8.155265808105469
 you,0.2491784393787384
 think,0.9583973288536072
 is,2.5133097171783447
 the,1.7803728580474854
 greatest,4.934719562530518
 novelist,11.366720199584961
 in,3.419556140899658
 the,1.198803186416626
 history,2.6934444904327393
 of,0.010998055338859558
 English,6.045808792114258
 literature,0.9632020592689514
 ?,8.940282821655273
 ,7.882370471954346
"

",14.832653999328613
 Charles,30.82232093811035
 Dickens,1.0875844955444336
.,3.2824721336364746
Actually,18.580501556396484
 no,8.155867576599121
 one,1.618541955947876
 can,5.284396648406982
 parallel,18.98297691345215
 him,3.1033644676208496
 in,4.039535045623779
 writing,7.216803550720215
 .,7.694471836090088
 ,4.707272052764893
"

",2.92771053314209
 I,15.980234146118164
'm,4.159422874450684
 afraid,5.1967573165893555
 I,2.2134480476379395
 can,3.5738980770111084
't,0.5537795424461365
 agree,9.221678733825684
 with,0.9225000143051147
 you,2.703850269317627
 on,3.478858709335327
 that,2.2525155544281006
 .,5.111852169036865
 I,3.274336576461792
 like,6.2710185050964355
 D,10.117057800292969
.,4.134047508239746
H,3.073265314102173
.,0.1424141675233841
La,20.104148864746094
ure,4.9848761558532715
nce,5.128732204437256
 ',9.667213439941406
 s,6.839092254638672
 novels,7.115553379058838
 better,5.8061628341674805
 .,3.608110189437866
 ,2.0286362171173096
