token,surprisal
 about,8.560022354125977
 another,8.743891716003418
 beer,9.797094345092773
 ?,10.189841270446777
 ,7.107710838317871
"

",14.273663520812988
 No,21.253328323364258
" ,",6.950620174407959
 thanks,9.042383193969727
 .,3.714965343475342
 I,3.5029473304748535
've,4.778321743011475
 had,3.953110456466675
 more,6.695300579071045
 than,1.311484456062317
 enough,4.292518615722656
.,2.6319868564605713
In,12.128660202026367
 fact,4.286508083343506
" ,",3.811929941177368
 I,1.2668009996414185
 must,9.55000114440918
 be,6.423173904418945
 running,9.027783393859863
 along,13.963719367980957
 .,5.422998905181885
 ,5.94392204284668
"

",3.0105998516082764
 Stay,28.515867233276367
 around,11.674633026123047
 for,3.0948071479797363
 a,2.72713565826416
 while,1.6063419580459595
.,3.237022876739502
The,9.791337966918945
 party,11.309834480285645
 is,2.2541756629943848
 warming,12.711504936218262
 up,0.13787470757961273
 .,4.372881889343262
 ,1.9392414093017578
"

",1.9032500982284546
 I,11.438356399536133
'm,2.784209966659546
 afraid,7.901806354522705
 I,2.0082204341888428
 have,4.326229572296143
 to,1.165905475616455
 leave,3.6455271244049072
 .,4.544178485870361
 I,3.2739319801330566
 have,4.528074741363525
 to,1.7014471292495728
 be,5.412983417510986
 up,6.809068202972412
 early,2.7538254261016846
 tomorrow,6.012376308441162
 .,2.3228068351745605
 ,1.5619213581085205
