token,surprisal
 much,8.38508415222168
 is,4.131463527679443
 the,3.742624521255493
 rent,9.932482719421387
 ?,11.378804206848145
 ,7.280686855316162
"

",14.6064453125
 The,16.499643325805664
 rent,2.49540638923645
 is,0.8732162714004517
 $,3.479187488555908
 1500,15.289535522460938
 per,2.7050838470458984
 month,0.5789386034011841
 .,4.680572032928467
 ,2.056793689727783
"

",1.2443184852600098
 And,15.387310028076172
 how,5.399573802947998
 much,0.44843852519989014
 is,1.3361477851867676
 the,0.787055253982544
 deposit,8.469679832458496
 ?,0.39854124188423157
 ,0.18239407241344452
"

",0.4080709218978882
 The,3.144284248352051
 deposit,0.3790988326072693
 is,0.21074278652668
 $,0.4282110333442688
 500,5.104598045349121
 .,2.097346782684326
 ,0.3213798701763153
