token,surprisal
 music,13.071052551269531
 really,11.094825744628906
 leaves,11.651041030883789
 me,4.975899696350098
 cold,5.742907524108887
 .,10.21766185760498
 What,8.0242919921875
 about,5.422970771789551
 you,3.8317911624908447
 ?,4.229939937591553
 ,7.234898567199707
"

",12.84742259979248
 I,15.741762161254883
'm,2.859975814819336
 crazy,11.276402473449707
 about,2.4169416427612305
 it,4.173282146453857
.,1.6400532722473145
It,12.915027618408203
 makes,6.148341655731201
 me,0.4612748920917511
 very,6.17513370513916
 excited,6.626626491546631
 .,6.296835899353027
 ,5.834995269775391
"

",1.5408192873001099
 Then,21.25227928161621
 tell,10.177976608276367
 me,0.27038681507110596
 what,2.429612398147583
's,3.966035842895508
 good,7.708772659301758
 about,1.9655355215072632
 it,1.9664593935012817
 .,2.8230173587799072
 ,2.0273337364196777
"

",1.0663570165634155
 It,10.172722816467285
 can,6.872458457946777
't,3.0928409099578857
 be,1.2272777557373047
 expressed,14.353760719299316
 by,4.779288291931152
 words,3.4277708530426025
 .,3.4129245281219482
 ,1.5998011827468872
