token,surprisal
 these,9.11068058013916
 the,3.589348077774048
 clothes,10.610089302062988
 you,1.7647122144699097
 want,2.7230045795440674
 to,1.9397205114364624
 have,5.522927761077881
 washed,13.034908294677734
 ?,11.138092994689941
 ,7.890183925628662
"

",13.431211471557617
 Yes,22.636993408203125
 .,6.929932594299316
 When,8.246167182922363
 can,7.0556721687316895
 I,0.49680376052856445
 get,2.466036796569824
 them,2.0006144046783447
 back,4.617203235626221
 ?,0.8282880783081055
 ,2.6431686878204346
"

",0.9996401071548462
 Well,18.810230255126953
" ,",5.208598613739014
 if,4.368524074554443
 they,4.176699638366699
 are,1.4036049842834473
 collected,12.09133529663086
 right,7.063198089599609
 now,1.5900496244430542
" ,",2.389270067214966
 you,3.3312768936157227
 can,1.2347400188446045
 get,3.3981826305389404
 them,0.3072006404399872
 back,1.6296104192733765
 tonight,10.370828628540039
 .,1.8749737739562988
 ,2.6192619800567627
"

",1.4054341316223145
 That,10.909948348999023
's,1.3906497955322266
 fine,6.052722930908203
 .,2.114283323287964
 By,10.803122520446777
 the,0.8149579167366028
 way,0.08867604285478592
" ,",0.4068203270435333
 please,6.789093494415283
 have,6.975160121917725
 that,9.601921081542969
 suit,11.015758514404297
 dry,9.0242280960083
 cleaned,5.304546356201172
 .,2.8365018367767334
 ,1.252977728843689
"

",0.8752089738845825
 OK,10.884786605834961
 .,2.0918569564819336
 Please,7.187321662902832
 fill,9.740620613098145
 in,2.6736748218536377
 the,0.8211870193481445
 form,2.644512891769409
 first,9.29980754852295
 .,1.63705575466156
 ,1.53226900100708
