token,surprisal
 is,5.09013032913208
 now,6.433010578155518
 .,11.505683898925781
 I,7.114644527435303
'm,3.165121078491211
 kind,10.451619148254395
 of,0.009128074161708355
 sick,7.310260772705078
 of,0.43529820442199707
 it,3.054677963256836
 .,6.762399196624756
 ,9.486230850219727
"

",14.965606689453125
 Each,27.958459854125977
 ring,13.547708511352539
 has,3.2370479106903076
 3,7.463069915771484
 small,8.732982635498047
 diamonds,5.754499435424805
 inside,7.835585117340088
 the,4.04927921295166
 band,10.392613410949707
 .,4.666020393371582
 ,2.9312219619750977
"

",1.7953319549560547
 Oo,23.302631378173828
oh,0.24907654523849487
 !,6.497791767120361
 One,8.93103313446045
 for,6.499117374420166
 each,1.620908260345459
 of,2.8670804500579834
 the,0.8386538624763489
 z,10.480549812316895
eros,5.955041408538818
 in,3.8527638912200928
 2000,17.47494888305664
 !,7.663434982299805
 Wow,8.040237426757812
 !,1.6730287075042725
 ,4.376859188079834
"

",0.9091965556144714
 Stop,23.62517738342285
 making,5.86525297164917
 fun,5.0284743309021
 of,0.11497871577739716
 me,1.7381889820098877
 .,4.022708892822266
 ,1.8256675004959106
"

",1.1507904529571533
 So,7.865716457366943
 find,13.348917007446289
 a,1.874077558517456
 guy,7.683522701263428
 to,3.3707685470581055
 marry,6.518354415893555
 and,3.214503049850464
 you,4.184912204742432
 can,2.0753278732299805
 get,3.8030574321746826
 one,7.002498149871826
 !,5.327244281768799
 ,2.761293888092041
"

",0.6702650785446167
 I,4.958468914031982
 don,4.814366817474365
't,0.0018908979836851358
 need,5.732847213745117
 a,2.892632007598877
 guy,4.693416118621826
 to,1.660177230834961
 buy,6.683489799499512
 a,3.0662715435028076
 wedding,5.170478343963623
 ring,0.15540273487567902
 !,2.7587475776672363
 ,1.8567289113998413
"

",0.6084885597229004
 Oh,8.247637748718262
" ,",5.845951080322266
 I,2.707139015197754
 see,5.183842658996582
 .,2.6839826107025146
 You,5.89801025390625
're,3.394162654876709
 going,4.209640979766846
 to,0.1858581155538559
 wear,7.899893760681152
 one,3.204202890396118
 and,6.35495662689209
 pretend,10.716230392456055
 you,1.7125080823898315
're,1.220287561416626
 married,4.472873210906982
 to,2.270324945449829
 try,11.235572814941406
 to,1.3052741289138794
 attract,6.3545989990234375
 guys,7.599352836608887
 .,3.104381561279297
 ,1.2274680137634277
