token,surprisal
 prefer,13.131964683532715
 potatoes,16.777591705322266
 to,3.7769365310668945
 egg,8.869470596313477
pl,4.643887996673584
ants,0.016507504507899284
 .,9.418346405029297
 ,7.804744243621826
"

",15.199202537536621
 I,15.81283187866211
 feel,8.441630363464355
 egg,11.453511238098145
pl,0.4813690483570099
ants,0.02294311486184597
 are,1.6336555480957031
 more,3.4353954792022705
 nutritious,5.6435418128967285
 .,4.935324192047119
 ,1.728550672531128
"

",1.037691354751587
 But,12.647695541381836
 as,7.1269731521606445
 a,3.1067962646484375
 matter,5.286294937133789
 of,0.004590978845953941
 fact,0.15503904223442078
" ,",3.6161439418792725
 potatoes,5.325272083282471
 taste,6.4675750732421875
 better,1.9061816930770874
 .,4.352516174316406
 ,0.7860475182533264
"

",0.9075897932052612
 Oh,10.420158386230469
" ,",4.425365447998047
 that,5.5074076652526855
's,1.1963517665863037
 how,6.488381862640381
 you,3.727173089981079
 see,7.430280685424805
 it,0.9688354134559631
 .,1.323591709136963
 ,1.1520018577575684
