token,surprisal
 is,4.613132953643799
 life,9.204830169677734
 ?,10.787871360778809
 ,7.307201385498047
"

",14.408061981201172
 Don,25.22943115234375
't,0.19634310901165009
 ask,5.739506244659424
 such,11.434608459472656
 a,1.4310270547866821
 question,1.1430449485778809
 .,7.0511369705200195
 You,5.29403829574585
 know,5.166753768920898
 it,4.205386638641357
 has,6.906776428222656
 no,4.640785217285156
 certain,12.713415145874023
 answer,4.997323513031006
 .,2.406572103500366
 Everyone,9.200068473815918
 knows,2.2832932472229004
 it,1.2731432914733887
 is,2.394946813583374
 in,7.083311557769775
 his,7.416738510131836
 heart,3.399724245071411
 .,1.1638916730880737
 ,6.963834285736084
"

",1.4662011861801147
 Then,17.47071647644043
 do,6.898322582244873
 you,2.1105587482452393
 think,3.432274580001831
 that,3.019744873046875
 life,3.9449663162231445
 is,0.972235381603241
 arranged,14.14493465423584
 by,3.148036479949951
 something,8.426366806030273
 above,10.955485343933105
 us,6.549102306365967
 .,4.008740425109863
 ,3.2997355461120605
"

",0.8156076669692993
 Maybe,9.684269905090332
" ,",8.644767761230469
 the,6.124644756317139
 wh,13.162141799926758
irl,3.008087396621704
ig,9.765894889831543
ig,0.10928132385015488
 of,2.5225989818573
 time,5.732142925262451
" ,",2.954728126525879
 who,8.280902862548828
 knows,3.134305238723755
 ?,4.036182403564453
 ,2.1851983070373535
"

",0.5705689787864685
 Right,10.4275484085083
 .,5.25218391418457
 ,2.8926072120666504
