token,surprisal
 .,9.811866760253906
 Can,10.857346534729004
 you,2.6935999393463135
 tell,4.251331329345703
 me,0.7867588400840759
 what,2.6094586849212646
 the,3.9495816230773926
 procedures,14.04622745513916
 of,4.263006687164307
 applying,8.675809860229492
 for,3.49507737159729
 a,2.168389081954956
 job,2.634005308151245
 are,1.7470250129699707
 ?,7.483074188232422
 ,8.537205696105957
"

",15.345016479492188
 Yes,23.909170150756836
" ,",4.743064880371094
 of,6.994296073913574
 course,0.039998333901166916
 .,5.004309177398682
 There,5.915591239929199
 are,0.6261467337608337
 many,2.8483083248138428
 steps,7.3293046951293945
 .,5.959980487823486
 You,3.9288909435272217
 can,1.8131325244903564
 apply,2.663455009460449
 for,0.8380067348480225
 the,4.411624908447266
 job,1.785139560699463
 on,5.541805744171143
 the,2.140547752380371
 Internet,5.881577491760254
 and,3.456569194793701
 then,4.596950054168701
 send,5.7910895347595215
 your,3.023270845413208
 resume,1.575717568397522
 to,1.089268445968628
 the,1.9765204191207886
 e,7.232635498046875
-,0.47205832600593567
mail,0.2137761414051056
 address,0.8329428434371948
 of,4.9778594970703125
 the,0.6919833421707153
 company,4.1069817543029785
 .,4.901462554931641
 And,6.338892936706543
 w,15.713841438293457
ail,11.645365715026855
 the,6.557037353515625
 feedback,14.990463256835938
 of,3.6541988849639893
 the,1.7059229612350464
 company,2.4752817153930664
 .,2.140181064605713
 ,6.708157539367676
"

",1.1634176969528198
 What,12.401693344116211
 is,2.699057102203369
 the,1.0796724557876587
 qualification,11.334087371826172
 needed,8.773417472839355
 by,7.565820693969727
 the,1.1876786947250366
 position,4.871316432952881
 ?,0.5033811926841736
 ,1.6697043180465698
"

",1.0348682403564453
 You,4.014415264129639
 must,2.9347116947174072
 have,1.83243989944458
 over,10.350783348083496
 2,5.169526100158691
 years,0.34669622778892517
',6.026106357574463
exper,16.760339736938477
ience,0.036982327699661255
 first,12.68803596496582
 .,3.8394784927368164
 ,2.91908597946167
