token,surprisal
" ,",10.511317253112793
 it,8.153912544250488
 looks,6.140395641326904
 like,0.3847208321094513
 everyone,8.334542274475098
 in,4.767312526702881
 your,6.479070663452148
 family,3.5915348529815674
 is,1.435849905014038
 here,8.551058769226074
" ,",6.675100326538086
 from,9.941983222961426
 young,9.161325454711914
 to,2.1402595043182373
 old,0.03642168641090393
 .,2.8531134128570557
 ,7.580557346343994
"

",11.367441177368164
 Easter,31.7841739654541
's,7.132541179656982
 a,5.612616539001465
 good,3.0660550594329834
 day,4.2986578941345215
 for,2.8340816497802734
 reun,14.945901870727539
ions,1.0163220167160034
 .,3.7457334995269775
 The,6.279394626617432
 family,6.676764011383057
 goes,8.347533226013184
 to,1.8053282499313354
 church,2.5798089504241943
 together,4.7720136642456055
 .,2.9249696731567383
 ,2.8506979942321777
"

",1.894826054573059
 And,12.510842323303223
 after,7.069474220275879
 church,4.3310227394104
 they,4.7630414962768555
 come,5.910164833068848
 here,9.748594284057617
 for,3.7447526454925537
 lunch,5.717972278594971
 ?,9.335955619812012
 ,1.645038366317749
"

",0.9524481892585754
 Y,9.854689598083496
up,2.2704520225524902
" ,",1.4473061561584473
 a,6.45738410949707
 big,6.085499286651611
 pot,10.213188171386719
luck,2.496786594390869
 buffet,10.660529136657715
 .,2.35398268699646
 And,7.036145210266113
 then,3.537691831588745
-,12.96649169921875
notice,19.245927810668945
 there,5.337698459625244
 are,2.077296495437622
 no,4.2220048904418945
 children,4.22465705871582
 around,4.6627726554870605
 ?,6.130307674407959
 ,1.7660222053527832
"

",0.8431487679481506
 Yeah,12.686306953430176
" ,",1.9656531810760498
 what,7.89293909072876
's,2.6446428298950195
 up,3.0852181911468506
 with,1.3915891647338867
 that,1.1819372177124023
 ?,1.5976370573043823
 ,2.343750238418579
"

",0.8617616295814514
 The,7.760679244995117
 kids,2.941046714782715
 wait,9.290655136108398
 in,2.968585968017578
 the,2.041454315185547
 house,8.227961540222168
 while,5.438032627105713
 the,1.9524933099746704
 grown,10.700616836547852
ups,2.0458130836486816
 hide,11.756314277648926
 these,13.021994590759277
 .,8.147303581237793
 Hide,14.752769470214844
 away,7.818088054656982
" ,",3.9647247791290283
 Yi,18.893831253051758
-,4.202078819274902
jun,8.849420547485352
 !,9.151731491088867
 ,3.6937062740325928
